credit_limit,sex,education,marriage,age,pay_status_sep,pay_status_aug,pay_status_jul,pay_status_jun,pay_status_may,pay_status_apr,bill_amt_sep,bill_amt_aug,bill_amt_jul,bill_amt_jun,bill_amt_may,bill_amt_apr,pay_amt_sep,pay_amt_aug,pay_amt_jul,pay_amt_jun,pay_amt_may,pay_amt_apr,proxy_recent_repayment_status,proxy_max_delinquency_6m,proxy_mean_delinquency_6m,proxy_delinquency_count_6m,proxy_severe_delinquency_count_6m,proxy_on_time_count_6m,proxy_total_bill_6m,proxy_total_payment_6m,proxy_total_payment_to_bill_6m,ratio_pay_amt_apr_to_bill_amt_apr,ratio_pay_amt_may_to_bill_amt_may,ratio_pay_amt_jun_to_bill_amt_jun,ratio_pay_amt_jul_to_bill_amt_jul,ratio_pay_amt_aug_to_bill_amt_aug,ratio_pay_amt_sep_to_bill_amt_sep,proxy_payment_ratio_mean_6m,proxy_payment_ratio_volatility_6m,proxy_payment_consistency_6m,proxy_bill_volatility_6m,proxy_payment_volatility_6m,proxy_utilization_mean_6m,proxy_utilization_max_6m,proxy_recent_payment_to_limit,proxy_recent_bill_to_limit,proxy_age_to_credit_limit
260000,male,graduate_school,married,37,0,0,3,2,2,2,163553,192724,188441,191134,193673,197104,32000,0,7100,7000,6500,7000,0,3,1.5,4,4,2,1126629,59600,0.0529011768736647,0.0355142462862245,0.0335617251759408,0.0366235206713614,0.0376775754745517,0.0,0.1956552310260282,0.0565053831056844,0.0696740303906665,0.8333333333333334,12204.432747981366,11159.151700136828,0.7221980769230769,0.7580923076923077,0.123076923076923,0.62905,0.0001423076923076
80000,male,high_school,single,44,2,0,0,0,-2,-2,78950,79788,70319,0,0,0,2815,1858,0,0,0,0,2,2,-0.3333333333333333,1,1,5,229057,4673,0.0204010355501032,0.0,0.0,0.0,0.0,0.0232867097809194,0.0356554781507283,0.0098236979886079,0.0157133937871457,0.3333333333333333,41951.09294603261,1243.937364446726,0.4772020833333333,0.99735,0.0351875,0.986875,0.00055
360000,female,graduate_school,single,30,-2,-2,-2,-2,-2,-2,750,1166,398,0,418,1840,1166,398,0,418,1840,0,-2,-2,-2.0,0,0,6,4572,3822,0.8359580052493438,0.0,4.401913875598086,0.0,0.0,0.3413379073756432,1.5546666666666666,1.049653074940066,1.7492693510864572,0.6666666666666666,656.7982947602711,727.1409767025924,0.0021166666666666,0.0051111111111111,0.0032388888888888,0.0020833333333333,8.333333333333333e-05
90000,female,university,married,26,2,0,0,0,0,0,89947,91929,88433,88010,87814,87831,5000,4300,3500,3500,3700,3100,2,2,0.3333333333333333,1,1,5,533964,23100,0.0432613434613569,0.0352950552766107,0.0421345115812968,0.0397682081581638,0.0395779855936132,0.0467752287091124,0.0555882908824085,0.0431898800335342,0.0071382210260441,1.0,1646.230846509687,686.2943974709395,0.9888222222222224,1.0214333333333334,0.0555555555555555,0.9994111111111112,0.0002888888888888
50000,male,university,single,25,-1,-1,-1,-1,0,0,5814,-73,11427,191,7391,6554,0,11500,191,7200,2000,7000,-1,0,-0.6666666666666666,0,0,6,31377,27891,0.8888995123816809,1.068050045773573,0.2705993776214315,5.0,0.0167147982847641,0.0,0.0,1.0592273702799615,1.9739533214453944,0.8333333333333334,4442.502207840382,4636.273665348067,0.10459,0.22854,0.0,0.11628,0.0005
20000,male,graduate_school,married,38,0,0,0,2,2,0,15912,17272,20565,20705,20255,19933,1623,3916,750,0,800,850,0,2,0.6666666666666666,2,2,4,114642,7939,0.0692503619964759,0.042642853559424,0.0394964206368797,0.0,0.036469730123997,0.2267253358036128,0.101998491704374,0.0745554719713812,0.0814436998399615,0.8333333333333334,2012.6995801659025,1370.3696459958046,0.95535,1.03525,0.08115,0.7956,0.0019
40000,male,graduate_school,married,34,-1,-1,-1,-1,-1,-1,7018,7402,8374,7505,7515,9120,7419,8382,7505,7515,9120,6180,-1,-1,-1.0,0,0,6,46934,46121,0.9826778028721184,0.6776315789473685,1.2135728542914173,1.0013324450366423,0.8962264150943396,1.1323966495541746,1.0571387859789114,0.996383121483809,0.1902738648008218,1.0,775.507747650961,994.192620505034,0.1955583333333333,0.228,0.185475,0.17545,0.00085
160000,female,university,single,34,-1,-1,-1,-1,-1,-1,18958,11842,7918,13780,12297,12752,24000,8000,13780,12300,12752,6000,-1,-1,-1.0,0,0,6,77547,76832,0.9907797851625466,0.4705144291091593,1.0370008945271203,0.8925979680696662,1.740338469310432,0.6755615605472048,1.2659563245068046,1.013661607678398,0.4508289058999362,1.0,3571.9844204587453,6259.912672447329,0.080778125,0.1184875,0.15,0.1184875,0.0002125
50000,female,university,married,39,0,0,0,0,0,0,32802,31002,32115,31824,32498,21757,1497,2000,1000,1064,1059,290,0,0,0.0,0,0,6,181998,6910,0.0379674501917603,0.0133290435262214,0.0325866207151209,0.0334338863750628,0.031138097462245,0.0645119669698729,0.0456374611304188,0.0367728460298236,0.0170767422690494,1.0,4246.813581969428,569.327556567102,0.60666,0.65604,0.02994,0.65604,0.00078
150000,male,university,married,43,0,0,0,0,0,0,89488,89951,86961,79284,74531,78359,5016,5050,3026,5000,5012,4057,0,0,0.0,0,0,6,498574,27161,0.0544773694576933,0.051774524942891,0.0672471857347949,0.0630644266182332,0.0347972079437908,0.0561416771353292,0.0560522081172894,0.0548462050820547,0.0112770003339239,1.0,6528.654552560326,830.1210554290661,0.5539711111111112,0.5996733333333333,0.03344,0.5965866666666667,0.0002866666666666
120000,female,high_school,married,38,0,0,0,0,0,0,118016,117738,120127,119719,118042,120682,5720,5820,5670,4250,4450,4470,0,0,0.0,0,0,6,714324,30380,0.0425297204069861,0.0370394922192207,0.0376984463157181,0.0354997953541209,0.0472000466173299,0.0494317892269275,0.0484680043383947,0.0425562623452853,0.0064438055721277,1.0,1271.0139259661948,743.1733759134988,0.9921166666666666,1.0056833333333333,0.0476666666666666,0.9834666666666668,0.0003166666666666
200000,female,high_school,married,42,0,0,0,0,2,-1,1554,1645,1408,1800,819,886,1345,1108,669,0,886,2415,0,2,0.1666666666666666,1,1,5,8112,6423,0.7917899408284024,2.7257336343115126,1.0818070818070815,0.0,0.4751420454545454,0.6735562310030395,0.8655083655083655,0.9702912263474244,0.93591481603306,0.8333333333333334,407.85732799595496,803.1997883465857,0.00676,0.009,0.006725,0.00777,0.00021
70000,female,university,married,33,2,2,2,2,3,2,63963,65350,66279,70580,69180,70392,3000,2600,6000,0,2500,1165,2,3,2.1666666666666665,6,6,0,405744,15265,0.0376222445680034,0.0165501761563814,0.0361376120265972,0.0,0.0905264110804327,0.0397857689364957,0.0469021152853993,0.0383170139142177,0.030816946419769,0.8333333333333334,2800.139925075174,2026.3524290376208,0.9660571428571428,1.0082857142857142,0.0428571428571428,0.9137571428571428,0.0004714285714285
290000,female,university,married,32,0,0,0,0,0,0,78200,79726,80890,81615,75661,77012,3700,3600,3000,3000,3000,3000,0,0,0.0,0,0,6,473104,19300,0.0407944130677398,0.0389549680569261,0.0396505465166994,0.036757948906451,0.037087402645568,0.0451546546923212,0.047314578005115,0.0408200164705135,0.0043874202547684,1.0,2304.11212111448,337.14487489307425,0.2718988505747126,0.2814310344827586,0.0127586206896551,0.2696551724137931,0.0001103448275862
190000,male,high_school,married,44,-1,2,-1,2,-1,0,291,291,582,291,582,291,0,582,0,582,0,291,-1,2,0.1666666666666666,2,2,4,2328,1455,0.625,1.0,0.0,2.0,0.0,2.0,0.0,0.8333333333333334,0.983192080250175,0.5,150.27175383284776,286.10889535280097,0.0020421052631578,0.0030631578947368,0.0,0.0015315789473684,0.0002315789473684
120000,male,graduate_school,married,37,-1,-1,-1,-1,-1,-1,32050,3872,52150,2740,4626,802,3872,52150,2740,4626,802,0,-1,-1,-1.0,0,0,6,96240,64190,0.666978387364921,0.0,0.1733679204496325,1.6883211678832115,0.0525407478427612,5.0,0.1208112324492979,1.1725068447708171,1.9823827521256765,0.8333333333333334,21202.256785540543,20383.5205366165,0.1336666666666666,0.4345833333333333,0.0322666666666666,0.2670833333333333,0.0003083333333333
150000,female,graduate_school,single,29,0,0,0,0,0,0,39215,49300,53030,65006,50515,0,11200,16000,12376,1109,0,0,0,0,0.0,0,0,6,257066,40685,0.1582667486170866,0.0,0.0,0.0170599636956588,0.2333773335847633,0.3245436105476673,0.2856049980874665,0.1434309843192593,0.1537661267610907,0.6666666666666666,22557.53086369753,7210.50695628724,0.2856288888888889,0.4333733333333333,0.0746666666666666,0.2614333333333333,0.0001933333333333
20000,male,university,single,26,2,0,0,0,2,2,6078,7015,8036,9597,9294,10242,1200,1140,1700,0,1100,0,2,2,1.0,3,3,3,50262,5140,0.1022641359277386,0.0,0.1183559285560576,0.0,0.2115480338476854,0.1625089094796863,0.1974333662388943,0.1149743730203873,0.0946943900189439,0.6666666666666666,1616.430635690873,698.044888718961,0.41885,0.5121,0.06,0.3039,0.0013
20000,male,high_school,single,40,0,0,0,2,2,0,13195,14197,15657,14418,13561,13291,1238,2959,580,0,435,518,0,2,0.6666666666666666,2,2,4,84319,5730,0.0679562139019675,0.0389737416296742,0.0320772804365459,0.0,0.0370441336143577,0.2084243149961259,0.0938234179613489,0.0683904814396754,0.0749668639097441,0.8333333333333334,925.813030080408,1059.2567205356784,0.7026583333333333,0.78285,0.0619,0.65975,0.002
230000,female,university,single,28,-1,-1,-1,-1,-1,-1,7539,6500,6500,45914,1465,600,6500,6500,45914,1465,600,958,-1,-1,-1.0,0,0,6,68518,61937,0.9039522461251058,1.596666666666667,0.409556313993174,0.0319074792002439,5.0,1.0,0.8621833134367953,1.4833856288828131,1.8032671143298504,1.0,17143.426853073066,17644.568891493684,0.0496507246376811,0.1996260869565217,0.0282608695652173,0.0327782608695652,0.0001217391304347
200000,female,graduate_school,married,58,-1,-1,-1,-1,-1,-2,283,5361,6309,385,0,0,5361,6309,385,0,0,3390,-1,-1,-1.1666666666666667,0,0,6,12338,15445,1.251823634300535,0.0,0.0,0.0,0.0610239340624504,1.1768326804700615,5.0,1.039642769088752,1.9951699954860809,0.6666666666666666,2946.220471496773,2843.4529302709875,0.0102816666666666,0.031545,0.026805,0.001415,0.00029
30000,male,graduate_school,married,32,0,0,2,0,0,0,28401,31065,30031,29838,29651,1567,3434,0,597,593,31,0,0,2,0.3333333333333333,1,1,5,150553,4655,0.0309193440183855,0.0,0.0010454959360561,0.019873986192104,0.01987945789351,0.0,0.120911235519876,0.026951695923591,0.0470157944334725,0.6666666666666666,11556.422913975875,1333.4069771328882,0.8364055555555556,1.0355,0.1144666666666666,0.9467,0.0010666666666666
150000,male,university,married,43,0,0,0,0,0,0,122084,126042,128706,131333,133974,136907,5000,3700,3719,3756,4031,3914,0,0,0.0,0,0,6,779046,24120,0.0309609445398602,0.0285887500273908,0.0300879275083225,0.0285990573580136,0.0288953117958758,0.0293552942669903,0.0409554077520395,0.0310802914514387,0.0048706623948224,1.0,5387.537173885671,496.8810722899394,0.8656066666666666,0.9127133333333334,0.0333333333333333,0.8138933333333334,0.0002866666666666
260000,female,graduate_school,single,26,0,0,0,0,0,0,145165,149173,142730,148307,152375,158435,6500,7000,8000,6500,8500,5600,0,0,0.0,0,0,6,896185,42100,0.0469769076697333,0.0353457253763372,0.0557834290401968,0.0438280054211871,0.0560498843971134,0.0469253819390908,0.0447766334860331,0.0471181766099931,0.0078714399211402,1.0,5552.376947458329,1068.4880283216405,0.5744775641025641,0.6093653846153846,0.025,0.5583269230769231,0.0001
30000,female,high_school,married,50,2,2,2,2,2,2,30615,28691,30474,27468,25813,25251,0,3017,12,3000,0,4000,2,2,2.0,6,6,0,168312,10029,0.0595857692856124,0.1584095679379034,0.0,0.109217999126256,0.0003937783028155,0.1051549266320449,0.0,0.0621960453331699,0.0705262899538097,0.6666666666666666,2282.2424060559388,1862.2008216086683,0.9350666666666668,1.0205,0.0,1.0205,0.0016666666666666
70000,female,university,married,34,2,2,2,2,2,2,16965,17398,18310,18611,18966,19403,1000,1500,900,800,900,2000,2,2,2.0,6,6,0,109653,7100,0.0647497104502384,0.1030768437870432,0.0474533375514077,0.0429853312557089,0.0491534680502457,0.0862168065294861,0.0589448865310934,0.0646384456174975,0.0244111554811529,1.0,932.6535798462364,470.8148963941845,0.2610785714285714,0.2771857142857143,0.0142857142857142,0.2423571428571428,0.0004857142857142
30000,female,university,single,22,-2,-2,-2,-2,-2,-2,0,0,0,0,0,0,0,0,0,0,0,0,-2,-2,-2.0,0,0,6,0,0,0.0,0.0,0.0,0.0,0.0,0.0,0.0,0.0,0.0,0.0,0.0,0.0,0.0,0.0,0.0,0.0,0.0007333333333333
120000,female,graduate_school,single,32,0,0,0,0,0,0,18955,18973,18204,17344,13246,26781,1315,1169,2472,453,500,8494,0,0,0.0,0,0,6,113503,14403,0.1268953243526603,0.3171651544005078,0.037747244451155,0.0261185424354243,0.1357943309162821,0.0616138723449111,0.069374835135848,0.1079689966140214,0.1093674355865901,1.0,4404.316401743484,3073.610694281239,0.1576430555555555,0.223175,0.0109583333333333,0.1579583333333333,0.0002666666666666
90000,female,graduate_school,single,29,0,0,0,0,0,0,90749,90595,89059,88822,90978,89363,3481,5167,3300,3615,3217,3500,0,0,0.0,0,0,6,539566,22280,0.0412924461511659,0.039166097825722,0.0353601969706962,0.0406993762806511,0.0370540877395883,0.0570340526519123,0.038358549405503,0.0412787268123455,0.0079301090465845,1.0,950.689363917924,726.5669044669368,0.9991962962962964,1.0108666666666666,0.0386777777777777,1.008322222222222,0.0003222222222222
300000,female,university,single,36,-1,2,2,-1,-1,-1,1041,654,0,780,70,430,3,0,780,150,710,1000,-1,2,0.0,2,2,4,2975,2643,0.8884033613445378,2.3255813953488373,5.0,0.1923076923076923,0.0,0.0,0.0028818443804034,1.2534618220061555,2.050283889834695,0.8333333333333334,408.5322100724332,440.6285283546675,0.0016527777777777,0.00347,1e-05,0.00347,0.00012
130000,female,university,single,24,0,0,0,0,0,0,128499,131370,123434,122806,125287,127992,5100,4500,4400,4500,4700,6400,0,0,0.0,0,0,6,759388,29600,0.0389787565776651,0.0500031251953247,0.0375138681587076,0.0366431607576177,0.0356465803587342,0.0342543959808175,0.0396890248173137,0.0389583592114192,0.0057107368244853,1.0,3299.431324738653,760.7014306984487,0.9735743589743592,1.0105384615384616,0.0392307692307692,0.988453846153846,0.0001846153846153
10000,male,university,married,45,1,2,2,2,2,0,7953,9164,8876,10009,7169,8842,1500,0,1500,0,3000,2000,1,2,1.5,5,4,1,52013,8000,0.1538077019206736,0.2261931689662972,0.4184684056353745,0.0,0.1689950428120775,0.0,0.1886080724254998,0.1670441149732081,0.1568369010137935,0.6666666666666666,987.528109304574,1169.045194450012,0.8668833333333333,1.0009,0.15,0.7953,0.0045
150000,female,university,single,42,0,0,0,-2,-2,-1,97066,95040,0,0,0,217,2000,0,0,0,217,2972,0,0,-0.8333333333333334,0,0,6,192323,5189,0.0269806523400737,5.0,0.0,0.0,0.0,0.0,0.0206045371190736,0.8367674228531788,2.039575751339469,0.5,49577.75238316746,1295.5502949197555,0.2136922222222222,0.6471066666666667,0.0133333333333333,0.6471066666666667,0.00028
160000,female,university,single,37,-1,-1,-1,0,0,0,12037,5123,2460,6460,5360,0,5123,2460,4000,107,0,3960,-1,0,-0.5,0,0,6,31440,15650,0.4977735368956743,0.0,0.0,0.01656346749226,1.6260162601626016,0.480187390201054,0.4256043864750353,0.4247285840551585,0.6282604602523435,0.8333333333333334,4071.8963149864217,2152.643088546419,0.03275,0.07523125,0.03201875,0.07523125,0.00023125
40000,female,university,single,23,0,0,0,0,0,0,39402,39321,38246,39289,39882,39650,2000,2000,2000,1500,1500,2000,0,0,0.0,0,0,6,235790,11000,0.0466516815810679,0.0504413619167717,0.0376109523093124,0.0381786250604494,0.0522930502536212,0.0508634063223214,0.0507588447286939,0.0466910400985284,0.0068456162611291,1.0,562.6880722626585,258.1988897471612,0.9824583333333334,0.99705,0.05,0.98505,0.000575
200000,male,graduate_school,married,58,-2,-2,-2,-2,-2,-2,0,0,0,0,0,0,0,0,0,0,0,0,-2,-2,-2.0,0,0,6,0,0,0.0,0.0,0.0,0.0,0.0,0.0,0.0,0.0,0.0,0.0,0.0,0.0,0.0,0.0,0.0,0.0,0.00029
10000,male,university,single,26,0,0,0,0,0,0,9861,15147,6641,15318,8610,8790,1099,2234,1135,1086,319,319,0,0,0.0,0,0,6,64367,6192,0.0961983625149533,0.0362912400455062,0.0370499419279907,0.0708969839404622,0.1709079957837675,0.14748795140952,0.1114491430889362,0.0956805426993638,0.0568694776736219,1.0,3641.227453300146,704.2096278807895,1.0727833333333334,1.5318,0.1099,0.9861,0.0026
30000,female,graduate_school,single,25,-1,-1,0,0,0,0,640,29013,27731,28177,20722,0,30013,2000,1232,1000,0,0,-1,0,-0.3333333333333333,0,0,6,106283,34245,0.3222058090193163,0.0,0.0,0.0354899386024062,0.0444268147560491,0.0689346155171819,5.0,0.8581418948126062,2.0292629296881395,0.6666666666666666,13797.37217613074,11931.845251259338,0.5904611111111111,0.9671,1.0004333333333333,0.0213333333333333,0.0008333333333333
220000,female,graduate_school,single,29,0,0,0,0,0,0,47944,44914,46446,37604,15540,20330,5000,5008,7000,4000,5000,150,0,0,0.0,0,0,6,212778,26158,0.1229356418426717,0.0073782587309394,0.3217503217503217,0.1063716625890862,0.1507126555569909,0.1115019815647682,0.1042883363924578,0.133667202764094,0.1036476394589424,1.0,14115.527266099556,2283.0857773344096,0.1611954545454545,0.2179272727272727,0.0227272727272727,0.2179272727272727,0.0001318181818181
150000,female,university,single,27,0,0,0,0,0,0,146778,139111,134382,134593,91112,68482,6554,10000,4749,3304,2285,700,0,0,0.0,0,0,6,714458,27592,0.0386194849802227,0.0102216640869133,0.0250790236192817,0.0245480819953489,0.0353395544046077,0.0718850414417263,0.0446524683535679,0.0352876389835743,0.0213303989672178,1.0,31577.178738238585,3324.1283769834563,0.7938422222222222,0.97852,0.0436933333333333,0.97852,0.00018
10000,female,graduate_school,single,22,1,3,2,2,2,2,8352,8078,7800,8672,8388,9248,0,0,1000,0,1000,0,1,3,2.0,6,5,0,50538,2000,0.0395741818037912,0.0,0.1192179303767286,0.0,0.1282051282051282,0.0,0.0,0.0412371764303094,0.0639475433488059,0.3333333333333333,501.2077413608054,516.3977794943222,0.8423,0.9248,0.0,0.8352,0.0022
50000,female,university,married,30,-1,-1,2,-1,2,2,416,832,416,3285,2685,2270,832,0,3285,0,190,0,-1,2,0.5,3,3,3,9904,4307,0.4348747980613893,0.0,0.0707635009310986,0.0,5.0,0.0,2.0,1.1784605834885165,2.0333416531437827,0.5,1252.4762140123323,1298.2943297521815,0.0330133333333333,0.0657,0.01664,0.00832,0.0006
280000,male,university,single,39,-2,-2,-2,-2,-2,-2,6251,12501,4873,4071,-30,-30,12577,4897,4176,0,0,0,-2,-2,-2.0,0,0,6,27696,21650,0.7817013287117274,0.0,0.0,0.0,0.8569669608044326,0.3917286617070634,2.011998080307151,0.5434489504697745,0.795482170871561,0.5,4655.739597529054,4929.099255103985,0.0164857142857142,0.0446464285714285,0.0449178571428571,0.022325,0.0001392857142857
360000,male,high_school,married,54,-2,-2,-2,-2,-2,-1,16230,-200,0,0,69000,2500,0,200,0,69000,2500,0,-2,-1,-1.8333333333333333,0,0,6,87730,71700,0.8172802918043999,0.0,0.036231884057971,0.0,0.0,0.0,0.0,0.0060386473429951,0.0147916047269515,0.5,27399.94920919867,27965.9614531666,0.0406157407407407,0.1916666666666666,0.0,0.0450833333333333,0.00015
180000,female,university,single,29,0,0,0,0,0,0,151652,146805,143134,136777,133938,133723,6000,7000,5000,5000,5000,4679,0,0,0.0,0,0,6,846029,32679,0.0386263355038657,0.0349902410206172,0.0373307052516836,0.0365558536888512,0.0349323012002738,0.0476822996491945,0.0395642655553504,0.0385092777276618,0.0048091706035248,1.0,7380.748564113715,883.9533358724317,0.7833601851851852,0.8425111111111111,0.0333333333333333,0.8425111111111111,0.0001611111111111
350000,male,graduate_school,married,39,-2,-2,-2,-2,-2,-2,3948,4368,5339,0,0,0,2184,10678,0,0,0,0,-2,-2,-2.0,0,0,6,13655,12862,0.9419260344196264,0.0,0.0,0.0,0.0,2.44459706959707,0.5531914893617021,0.4996314264931287,0.9781908078230388,0.3333333333333333,2533.5565844611933,4271.24570431937,0.0065023809523809,0.0152542857142857,0.00624,0.01128,0.0001114285714285
250000,female,graduate_school,single,38,-1,-1,-1,-1,-1,-1,14766,990,8150,15410,1276,0,990,8150,15410,1276,0,0,-1,-1,-1.0,0,0,6,40592,25826,0.6362337406385494,0.0,0.0,0.0828033744321869,1.89079754601227,5.0,0.0670459162941893,1.173441139456441,2.016168756185956,0.6666666666666666,7069.868758800737,6250.362602814869,0.0270613333333333,0.06164,0.00396,0.059064,0.000152
170000,female,university,married,39,0,0,-1,0,0,0,100849,100000,10274,16446,16578,20487,2000,10274,6446,332,10487,5000,0,0,-0.1666666666666666,0,0,6,264634,34539,0.1305161090411662,0.2440572070093229,0.6325853540837254,0.0201872795816611,0.6274089935760171,0.10274,0.019831629465835,0.274468410619427,0.2873078740762065,1.0,43747.53719544298,4180.182567783374,0.2594450980392156,0.5932294117647059,0.0117647058823529,0.5932294117647059,0.0002294117647058
430000,male,university,married,38,-2,-2,-2,-2,-2,-2,18517,23565,34028,28407,33608,52015,23565,34028,28418,33651,52015,21000,-2,-2,-2.0,0,0,6,190140,192677,1.0133428000420743,0.4037296933576852,1.5476969769102595,1.1846023867356636,0.8351357705419067,1.444005941014216,1.272614354377059,1.1146308538227985,0.4264708614718594,1.0,11598.036351038048,11066.547526969134,0.0736976744186046,0.1209651162790697,0.0548023255813953,0.0430627906976744,8.837209302325582e-05
150000,female,high_school,married,48,0,0,-1,-1,-1,-1,9730,0,1366,1388,3118,1148,0,1366,1388,3118,1148,496,0,0,-0.6666666666666666,0,0,6,16750,7516,0.4487164179104477,0.4320557491289198,0.3681847338037203,2.246397694524496,1.0161054172767203,0.0,0.0,0.6771239324556427,0.8544031917216102,0.8333333333333334,3542.4514487381007,1064.2651298744438,0.0186111111111111,0.0648666666666666,0.0,0.0648666666666666,0.00032
240000,female,graduate_school,married,36,-1,-1,-1,0,-1,-1,7058,4786,6853,5673,7588,2737,4789,6853,113,7588,2737,0,-1,0,-0.8333333333333334,0,0,6,34695,22080,0.6364029399048854,0.0,0.3607011070110701,1.3375638991715142,0.0164891288486794,1.431884663602173,0.6785208274298669,0.637526604343884,0.6311097432259883,0.8333333333333334,1806.2543287145363,3277.9692493981697,0.02409375,0.0316166666666666,0.0199541666666666,0.0294083333333333,0.00015
140000,female,university,married,47,-2,-2,-2,-2,-2,-2,0,0,0,0,0,0,0,0,0,0,0,0,-2,-2,-2.0,0,0,6,0,0,0.0,0.0,0.0,0.0,0.0,0.0,0.0,0.0,0.0,0.0,0.0,0.0,0.0,0.0,0.0,0.0,0.0003357142857142
40000,male,high_school,single,43,2,2,7,7,7,7,2400,2400,2400,2400,2400,2400,0,0,0,0,0,0,2,7,5.333333333333333,6,6,0,14400,0,0.0,0.0,0.0,0.0,0.0,0.0,0.0,0.0,0.0,0.0,0.0,0.0,0.06,0.06,0.0,0.06,0.001075
30000,female,high_school,married,31,0,0,0,0,0,0,9388,10387,10624,11539,11771,9075,1162,1229,1144,376,329,345,0,0,0.0,0,0,6,62784,4585,0.0730281600407747,0.0380165289256198,0.0279500467250021,0.0325851460265187,0.1076807228915662,0.1183209781457591,0.1237750319556881,0.0747214091116923,0.0462682827316543,1.0,1093.8464243210744,454.8315805511604,0.3488,0.3923666666666666,0.0387333333333333,0.3129333333333333,0.0010333333333333
200000,female,graduate_school,single,33,-2,-2,-2,-2,-2,-2,9099,3771,664,0,641,5506,3775,664,0,641,5506,1847,-2,-2,-2.0,0,0,6,19681,12433,0.6317260301813932,0.3354522339266255,5.0,0.0,0.0,0.1760806152214266,0.4148807561270469,0.9877356008791832,1.9729130200109024,0.8333333333333334,3567.1583882225736,2147.8640009708874,0.0164008333333333,0.045495,0.018875,0.045495,0.000165
100000,female,university,married,36,-2,-2,-2,-2,-2,-2,2205,0,1983,3543,0,0,0,1983,3543,0,0,2645,-2,-2,-2.0,0,0,6,7731,8171,1.0569137239684387,0.0,0.0,0.0,1.7866868381240544,0.0,0.0,0.2977811396873424,0.7294118472584299,0.5,1509.0241548762565,1571.8538630122928,0.012885,0.03543,0.0,0.02205,0.00036
60000,female,high_school,married,48,0,0,0,0,0,0,62652,57562,51278,46685,31584,26482,2300,2200,1900,1191,1219,7971,0,0,0.0,0,0,6,276243,16781,0.0607472406540618,0.3009969035571331,0.0385954913880445,0.0255114062332655,0.0370529271812473,0.0382196588026823,0.0367107195301027,0.0795145177820792,0.1086145176170073,1.0,14339.170098021712,2578.667207428416,0.7673416666666667,1.0442,0.0383333333333333,1.0442,0.0008
50000,male,high_school,single,41,0,0,0,0,0,0,15502,14446,10339,10766,10945,11214,1500,1500,600,500,600,500,0,0,0.0,0,0,6,73212,5200,0.0710266076599464,0.0445871232388086,0.0548195523069894,0.0464425041798253,0.0580326917496856,0.103834971618441,0.0967617081666881,0.0674130918767397,0.0260586804735231,1.0,2191.556250704052,492.61208538429776,0.24404,0.31004,0.03,0.31004,0.00082
320000,female,graduate_school,single,27,0,0,0,0,0,0,120158,122307,112144,107318,105952,109626,6000,5000,5333,5000,5000,3000,0,0,0.0,0,0,6,677505,29333,0.0432956214345281,0.027365770893766,0.0471911809121111,0.046590506718351,0.0475549293765159,0.0408807345450383,0.0499342532332428,0.0432528959465042,0.0083405713607235,1.0,6810.174968383705,1003.6673585738788,0.3528671875,0.382209375,0.01875,0.37549375,8.4375e-05
120000,male,university,single,30,0,0,0,0,0,0,100802,104378,106651,108362,96168,99399,5200,5500,5000,5000,5000,5000,0,0,0.0,0,0,6,615760,30700,0.0498570871768221,0.0503023169247175,0.0519923467265618,0.0461416363669921,0.0468818857769734,0.0526930962463354,0.0515862780500386,0.0499329266819365,0.0027717322994205,1.0,4639.355371888068,204.1241452319315,0.8552222222222222,0.9030166666666668,0.0433333333333333,0.8400166666666666,0.00025
90000,male,high_school,married,46,0,0,0,0,0,0,91092,91229,66730,44850,29257,24755,4000,3000,2000,638,2000,500,0,0,0.0,0,0,6,347913,12138,0.0348880323529158,0.0201979398101393,0.0683597087876405,0.0142251950947603,0.0299715270493031,0.0328842802179131,0.0439116497606815,0.034925050120073,0.0193530838993348,1.0,29596.52384149193,1349.212362825067,0.6442833333333333,1.0136555555555555,0.0444444444444444,1.012133333333333,0.0005111111111111
300000,female,graduate_school,single,28,0,0,2,0,0,0,24763,33484,31501,32678,36147,40503,10700,0,2000,4000,5000,0,0,2,0.3333333333333333,1,1,5,199076,21700,0.1090035966163676,0.0,0.1383240656209367,0.1224065120264398,0.0634900479349862,0.0,0.4320962726648629,0.1260528163745376,0.1609467000334714,0.6666666666666666,5223.768090819754,4025.129397505957,0.1105977777777777,0.13501,0.0356666666666666,0.0825433333333333,9.333333333333332e-05
70000,female,high_school,married,71,0,0,0,2,0,0,64670,66197,70867,54425,55555,48530,3166,6550,0,2033,1915,1708,0,2,0.3333333333333333,1,1,5,360244,15372,0.0426710784912448,0.0351947249124253,0.034470344703447,0.0373541570969223,0.0,0.0989470821940571,0.0489562393691046,0.042487091379326,0.0321823778571088,0.8333333333333334,8493.444829200145,2202.751461241145,0.8577238095238094,1.0123857142857142,0.0452285714285714,0.9238571428571428,0.0010142857142857
20000,male,university,single,25,0,0,0,0,0,0,13896,12906,13983,10983,5400,0,2000,2500,2000,0,0,0,0,0,0.0,0,0,6,57168,6500,0.1136999720123145,0.0,0.0,0.0,0.1430308231423872,0.1937083527041686,0.1439263097294185,0.0801109142626623,0.0896537488390553,0.5,5661.7581368334695,1200.6942436218585,0.4764,0.69915,0.1,0.6948,0.00125
450000,female,graduate_school,married,29,0,0,0,0,0,0,104457,68877,62223,65522,61413,63547,2489,2528,10179,10013,5183,5000,0,0,0.0,0,0,6,426039,35392,0.083072207004523,0.0786819204683147,0.0843958119616367,0.1528189005219621,0.1635890265657393,0.0367031084396823,0.0238279866356491,0.090002792432164,0.0578625248281375,1.0,16603.491894779243,3451.260446078601,0.1577922222222222,0.2321266666666666,0.0055311111111111,0.2321266666666666,6.444444444444444e-05
250000,female,university,single,44,1,-1,-1,0,0,0,0,664,62791,48598,50078,36050,664,65791,2000,2100,2000,0,1,1,-0.1666666666666666,1,0,5,198181,72555,0.366104722450689,0.0,0.0399376971923798,0.043211654800609,0.031851698491822,5.0,0.0,0.8525001750808019,2.031941805583401,0.8333333333333334,26707.202417450364,26320.848160726127,0.1321206666666666,0.251164,0.002656,0.0,0.000176
320000,female,university,married,29,0,0,0,0,0,0,34818,22718,9398,10222,13791,13498,1690,1500,1000,3628,1041,1006,0,0,0.0,0,0,6,104445,9865,0.0944516252573124,0.0745295599348051,0.075484011311725,0.354920759146938,0.1064056182166418,0.0660269389911083,0.0485381124705612,0.1209841666786299,0.1161343064236353,1.0,9751.65302397496,1014.3467684508422,0.0543984375,0.10880625,0.00528125,0.10880625,9.0625e-05
80000,female,high_school,single,30,0,0,0,-1,0,0,36676,38247,39856,28698,29299,30120,2165,2774,30458,1063,1308,4317,0,0,-0.1666666666666666,0,0,6,202896,42085,0.2074215361564545,0.1433266932270916,0.0446431618826581,0.0370409087741306,0.7642011240465676,0.072528564331843,0.0590304286181699,0.1867951468134101,0.2854124603866367,1.0,4991.043778609841,11544.333526309205,0.4227,0.4982,0.0270625,0.45845,0.000375
100000,male,university,married,46,0,0,-1,-1,-1,-2,60799,10095,1494,2200,0,0,2036,1504,2506,0,0,0,0,0,-0.8333333333333334,0,0,6,74588,6046,0.0810586153268622,0.0,0.0,0.0,1.677376171352075,0.1489846458642892,0.0334873928847513,0.3099747016835192,0.672369356277121,0.5,23992.79546586156,1148.4768463781352,0.1243133333333333,0.60799,0.02036,0.60799,0.00046
120000,female,high_school,married,48,-1,2,-1,-1,0,-1,3845,199,1823,3646,1823,1823,0,1823,3646,0,1823,1823,-1,2,-0.3333333333333333,1,1,5,13159,9115,0.6926818147275629,1.0,1.0,0.0,2.0,5.0,0.0,1.5,1.8708286933869709,0.6666666666666666,1358.458599540916,1372.3045458886545,0.0182763888888888,0.0320416666666666,0.0,0.0320416666666666,0.0004
270000,female,university,single,34,-1,-1,-1,-1,-1,-1,381,3376,2958,4154,5885,3129,3406,2983,4172,5912,3143,0,-1,-1,-1.0,0,0,6,19883,19616,0.986571442941206,0.0,0.5340696686491079,1.423206547905633,1.4104124408384042,0.8835900473933649,5.0,1.5418797841310852,1.7785602211802705,0.8333333333333334,1793.48458779736,1928.9198704629143,0.0122734567901234,0.0217962962962962,0.0126148148148148,0.0014111111111111,0.0001259259259259
50000,male,high_school,single,42,2,0,0,0,0,2,4864,5876,6898,7910,8681,8397,1252,1274,1286,1057,0,306,2,2,0.6666666666666666,2,2,4,42626,5175,0.1214047764275324,0.0364415862808145,0.0,0.1336283185840708,0.1864308495216004,0.2168141592920354,0.2574013157894737,0.1384527049113325,0.1021664195787353,0.8333333333333334,1508.405338981093,564.2381589364547,0.1420866666666666,0.17362,0.02504,0.09728,0.00084
20000,female,university,married,25,2,2,4,4,4,4,1650,1650,1650,1650,1650,1650,0,0,0,0,0,0,2,4,3.333333333333333,6,6,0,9900,0,0.0,0.0,0.0,0.0,0.0,0.0,0.0,0.0,0.0,0.0,0.0,0.0,0.0825,0.0825,0.0,0.0825,0.00125
50000,male,graduate_school,single,23,0,0,0,0,0,0,18666,15554,17159,8402,6646,7534,2000,2000,1500,500,1000,2000,0,0,0.0,0,0,6,73961,9000,0.1216857533024161,0.2654632333421821,0.1504664459825458,0.059509640561771,0.0874176816830817,0.1285842870001285,0.107146683810136,0.1330979953966408,0.0721359833328073,1.0,5377.674382729645,632.4555320336759,0.2465366666666666,0.37332,0.04,0.37332,0.00046
160000,female,graduate_school,married,39,0,0,2,0,0,0,43583,50028,48928,49812,50855,52354,7500,0,2000,2000,2500,2100,0,2,0.3333333333333333,1,1,5,295560,16100,0.0544728650696982,0.0401115483057646,0.0491593746927539,0.04015096763832,0.0408763897972531,0.0,0.1720854461602,0.0570639544323819,0.0589647204355417,0.8333333333333334,3011.642143416113,2518.266599601136,0.307875,0.3272125,0.046875,0.27239375,0.00024375
30000,female,graduate_school,married,49,-2,-2,-2,-2,-2,-2,3340,0,1220,480,0,174,0,1220,480,0,174,1162,-2,-2,-2.0,0,0,6,5214,3036,0.5822784810126582,5.0,0.0,0.0,0.3934426229508196,0.0,0.0,0.8989071038251367,2.01527135690014,0.6666666666666666,1294.1182326201883,559.1250307399947,0.0289666666666666,0.1113333333333333,0.0,0.1113333333333333,0.0016333333333333
50000,male,university,other,46,0,0,0,0,0,0,49776,50405,49099,19125,18504,19197,2056,1300,669,671,1000,684,0,0,0.0,0,0,6,206106,6380,0.0309549455134736,0.0356305672761368,0.0540423692174664,0.0350849673202614,0.0136255320882299,0.0257910921535561,0.0413050466088074,0.0342465957774097,0.0137188660419779,1.0,16886.48717762223,547.4901521184346,0.68702,1.0081,0.04112,0.99552,0.00092
520000,female,university,single,42,0,0,0,0,0,0,437492,405442,381086,353074,330171,324386,14710,14200,12300,11200,11200,11200,0,0,0.0,0,0,6,2231651,74810,0.0335222666985115,0.0345267674930484,0.0339218162709626,0.0317213955148212,0.03227617913017,0.0350235052115962,0.0336234719720589,0.0335155225987762,0.0012828265384351,1.0,44418.591235727705,1604.872788312727,0.7152727564102563,0.8413307692307692,0.0282884615384615,0.8413307692307692,8.076923076923076e-05
350000,male,graduate_school,married,35,0,0,0,2,-1,2,15193,19734,5338,3042,2418,2233,5197,3000,0,2500,0,5000,0,2,0.5,2,2,4,47958,15697,0.3273072271570958,2.239140170174653,0.0,0.821827744904668,0.0,0.1520218911523259,0.3420654248667149,0.5925092051830604,0.8628865516281581,0.6666666666666666,7556.596217874818,2288.7918574362907,0.0228371428571428,0.0563828571428571,0.0148485714285714,0.0434085714285714,0.0001
90000,female,graduate_school,single,27,-2,-2,2,2,-2,-2,1179,6346,4607,-6,-2153,-4306,7020,2980,3000,0,0,0,-2,2,-0.6666666666666666,2,2,4,12132,13000,1.071546323771843,0.0,0.0,0.0,0.6511829824180595,0.4695871415064607,5.0,1.0201283539874202,1.969801015757916,0.5,4017.730839665594,2792.637940490437,0.0224666666666666,0.0705111111111111,0.078,0.0131,0.0003
100000,female,graduate_school,single,25,-1,0,0,-1,-1,0,16659,13585,7886,5578,8608,11756,10000,4000,5578,11756,10000,5470,-1,0,-0.5,0,0,6,64072,46804,0.7304906979647896,0.4652943177951684,1.161710037174721,2.1075654356400144,0.7073294445853411,0.2944423997055576,0.6002761270184285,0.8894362936532053,0.6646295590679311,1.0,4085.957790612461,3166.579142650104,0.1067866666666666,0.16659,0.1,0.16659,0.00025
320000,female,graduate_school,single,33,-1,-1,2,0,0,-1,368,10038,8434,7061,1289,365,10550,0,0,0,365,12110,-1,2,-0.1666666666666666,1,1,5,27555,23025,0.8356015242242787,5.0,0.2831652443754848,0.0,0.0,0.0,5.0,1.713860874062581,2.547793868497485,0.5,4407.61508074378,5826.309080369836,0.0143515625,0.03136875,0.03296875,0.00115,0.000103125
150000,male,graduate_school,single,30,-2,-2,-2,-2,-2,-2,989,1023,7542,1200,0,0,1023,7542,1200,0,0,689,-2,-2,-2.0,0,0,6,10754,10454,0.9721034033847872,0.0,0.0,0.0,0.1591089896579156,5.0,1.0343781597573307,1.0322478582358745,1.9850460953326816,0.6666666666666666,2866.0656424211,2885.4345022312787,0.0119488888888888,0.05028,0.00682,0.0065933333333333,0.0002
50000,female,university,single,23,0,0,0,0,0,0,51002,50974,50021,49353,30439,29890,1983,2456,3288,1230,1085,1252,0,0,0.0,0,0,6,261679,11294,0.0431597491583199,0.0418869187019069,0.0356450606130293,0.0249224971126375,0.065732392395194,0.0481814258249303,0.0388808282028155,0.0425415204750856,0.0137218467200244,1.0,10437.113689457765,868.7606498148191,0.8722633333333333,1.02004,0.03966,1.02004,0.00046
140000,female,university,single,41,0,0,0,0,0,0,130439,108411,107113,120327,62855,67243,5000,5000,20000,10000,10000,10000,0,0,0.0,0,0,6,596388,60000,0.1006056459888529,0.1487143643204497,0.1590963328295283,0.0831068671204301,0.1867186989441057,0.0461207811015487,0.0383320939289629,0.1103481897075042,0.0628241469771737,1.0,27970.18766472617,5477.2255750516615,0.7099857142857143,0.9317071428571428,0.0357142857142857,0.9317071428571428,0.0002928571428571
130000,female,university,single,39,2,2,2,0,0,2,108879,111115,107185,108569,112541,114885,5500,0,5399,8000,5000,0,2,2,1.3333333333333333,4,4,2,663174,23899,0.0360372994116174,0.0,0.0444282528145298,0.0736858587626302,0.0503708541307085,0.0,0.0505147916494457,0.0364999595595523,0.0299965340127433,0.6666666666666666,2867.4975850033425,3262.069920566797,0.850223076923077,0.8837307692307692,0.0423076923076923,0.8375307692307692,0.0003
90000,female,graduate_school,single,29,1,2,0,0,0,0,9370,9078,10267,10350,10564,10771,0,1500,550,529,531,550,1,2,0.5,2,1,4,60400,3660,0.0605960264900662,0.0510630396434871,0.0502650511170011,0.0511111111111111,0.053569689295802,0.1652346331791143,0.0,0.0618739207244193,0.0546777071184487,0.8333333333333334,682.1500323731332,486.6625113977858,0.1118518518518518,0.1196777777777777,0.0,0.1041111111111111,0.0003222222222222
360000,female,graduate_school,single,39,-1,-1,-2,-2,-1,-1,1070,0,0,0,906,0,0,0,0,906,0,4341,-1,-1,-1.3333333333333333,0,0,6,1976,5247,2.655364372469636,0.0,0.0,0.0,0.0,0.0,0.0,0.0,0.0,0.3333333333333333,512.830056321455,1736.4685715555004,0.0009148148148148,0.0029722222222222,0.0,0.0029722222222222,0.0001083333333333
160000,female,high_school,married,31,-2,-2,-2,-2,-2,-2,207,565,1990,0,0,0,565,2009,0,0,0,0,-2,-2,-2.0,0,0,6,2762,2574,0.9319333816075308,0.0,0.0,0.0,0.0,3.5557522123893803,2.729468599033817,1.0475368019038662,1.6437379670109051,0.3333333333333333,781.1188556594103,806.3572409298499,0.0028770833333333,0.0124375,0.00353125,0.00129375,0.00019375
30000,male,university,married,49,3,2,2,2,2,2,26319,27404,27769,28227,28642,28042,1800,1100,1200,1000,0,2200,3,3,2.1666666666666665,6,6,0,166403,7300,0.0438694013930037,0.0784537479495043,0.0,0.0354270733694689,0.0432136555151427,0.0401401255291198,0.0683916562179414,0.0442710430968628,0.0275919730873033,0.8333333333333334,809.2869495220262,754.7626558506101,0.9244611111111112,0.9547333333333332,0.06,0.8773,0.0016333333333333
100000,female,graduate_school,single,26,-1,-1,-2,-2,-2,-2,26273,-73,-73,-73,-73,-73,0,0,0,0,0,0,-1,-1,-1.6666666666666667,0,0,6,26273,0,0.0,0.0,0.0,0.0,0.0,0.0,0.0,0.0,0.0,0.0,10755.709460560936,0.0,0.0437883333333333,0.26273,0.0,0.26273,0.00026
120000,female,graduate_school,married,42,0,0,0,0,0,0,23331,12125,13903,13858,14777,46061,5000,5000,5000,5000,10000,6000,0,0,0.0,0,0,6,124055,36000,0.2901938656241183,0.1302620438114674,0.6767273465520741,0.3608024245922933,0.3596346112349852,0.4123711340206185,0.2143071450002143,0.3590174508686088,0.1881806946642499,1.0,13051.618327497425,2000.0,0.1722986111111111,0.3838416666666667,0.0416666666666666,0.194425,0.00035
230000,male,university,married,51,2,0,0,0,0,0,204643,197993,84076,77766,70066,62865,5805,2965,3500,2600,2500,1901,2,2,0.3333333333333333,1,1,5,697409,19271,0.0276322789066387,0.0302394018929452,0.0356806439642622,0.0334336342360414,0.0416290023312241,0.0149752769037289,0.0283664723445219,0.0307207386121206,0.0089960491354862,1.0,66323.96811233979,1376.0676461085286,0.5053688405797101,0.8897521739130435,0.0252391304347826,0.8897521739130435,0.0002217391304347
400000,female,graduate_school,single,28,-1,0,-1,0,0,0,1416,1548,22085,21021,19761,12613,1052,22085,420,56,687,800,-1,0,-0.3333333333333333,0,0,6,78444,25100,0.3199734842690326,0.0634266233251407,0.0347654470927584,0.0026640026640026,0.0190174326465927,5.0,0.7429378531073446,0.9771352264726398,1.991421476293252,1.0,9571.196999330858,8776.602615287231,0.032685,0.0552125,0.00263,0.00354,7e-05
230000,female,high_school,single,25,0,0,0,0,-1,-1,26214,26504,20010,0,104160,0,2000,1067,0,104160,0,0,0,0,-0.3333333333333333,0,0,6,176888,107227,0.606185835104699,0.0,0.0,0.0,0.0,0.0402580742529429,0.0762951094834821,0.0194255306227375,0.0321793375749175,0.5,38534.26376962023,42280.42691561506,0.1281797101449275,0.4528695652173913,0.008695652173913,0.1139739130434782,0.0001086956521739
10000,male,high_school,married,37,-1,-1,-1,-1,-1,-1,678,500,381,2977,1000,0,602,381,2986,1203,0,0,-1,-1,-1.0,0,0,6,5536,5172,0.9342485549132948,0.0,0.0,0.4040980853207927,5.0,0.762,0.887905604719764,1.175667281673426,1.909929542274709,0.6666666666666666,1059.1969914358078,1132.493355388896,0.0922666666666666,0.2977,0.0602,0.0678,0.0037
70000,female,university,married,27,1,2,0,0,0,0,71570,68138,67682,50256,43353,44219,0,2705,2115,1583,1597,1500,1,2,0.5,2,1,4,345218,9500,0.0275188431657677,0.0339220696985458,0.0368371277650912,0.0314987265202164,0.0312490765639313,0.0396988464586574,0.0,0.0288676411677403,0.014507305219923,0.8333333333333334,12990.729412418175,900.5422070434381,0.821947619047619,1.0224285714285717,0.0,1.0224285714285717,0.0003857142857142
170000,female,university,married,48,-2,-2,-1,-1,-1,-1,18727,64028,107946,13608,110667,6878,66513,108323,13608,112876,3998,1118,-2,-1,-1.3333333333333333,0,0,6,321854,306436,0.9520962921076016,0.1625472521081709,0.0361263972096469,5.0,0.1260630315157578,1.6918067095645657,3.5517167725743577,1.7613766938287496,2.0931236677938223,1.0,47575.821828599735,51866.65746572326,0.3155431372549019,0.6509823529411765,0.3912529411764706,0.1101588235294117,0.0002823529411764
230000,female,university,married,43,0,0,0,0,0,0,84821,87055,87601,89762,92735,95768,4293,4162,5000,5000,5000,5000,0,0,0.0,0,0,6,537742,28455,0.0529157105080131,0.0522095063069083,0.0539170755378228,0.0557028586707069,0.057076974007146,0.0478088564700476,0.050612466252461,0.0528879562075154,0.0034048798964206,1.0,4030.0669804193913,401.0624639629094,0.389668115942029,0.4163826086956522,0.0186652173913043,0.3687869565217391,0.0001869565217391
90000,male,university,married,58,0,0,0,0,0,0,93737,85818,88988,50780,50929,48735,3600,5100,2200,2200,1944,2200,0,0,0.0,0,0,6,418987,17244,0.0411564081940489,0.0451420950035908,0.0381707867815979,0.0433241433635289,0.0247224344855486,0.0594280920086695,0.0384053255384746,0.0415321461969017,0.0113150343622762,1.0,21722.51861471562,1241.7632624618914,0.7759018518518519,1.0415222222222222,0.04,1.0415222222222222,0.0006444444444444
50000,male,university,married,37,0,0,0,0,0,0,48226,48727,46228,46755,43686,44573,2000,1684,1601,2000,2000,2000,0,0,0.0,0,0,6,278195,11285,0.040565071262963,0.0448702129091602,0.0457812571533214,0.0427761736712651,0.0346326901445011,0.034559894924785,0.0414714054659312,0.0406819390448273,0.0049523044232101,1.0,1979.976506594628,186.4686747597748,0.9273166666666668,0.97454,0.04,0.96452,0.00074
210000,female,graduate_school,single,29,-1,-1,-1,-1,-1,-1,2783,1080,2855,20787,8307,1747,1088,2855,20787,8314,1747,309,-1,-1,-1.0,0,0,6,37559,35100,0.934529673313986,0.1768746422438465,0.2103045624172384,0.3999615144080435,5.0,2.6435185185185186,0.3909450233560905,1.4702673768239565,1.9700960927817923,1.0,7564.483602114997,7853.269688480079,0.0298087301587301,0.0989857142857142,0.0051809523809523,0.0132523809523809,0.0001380952380952
120000,male,university,single,25,0,0,2,0,0,0,11147,9757,9423,3345,2929,2520,2446,438,1000,0,7,0,0,2,0.3333333333333333,1,1,5,39121,3891,0.0994606477339536,0.0,0.0023898941618299,0.0,0.1061233152923697,0.0448908475965973,0.2194312371041535,0.0621392156924917,0.0874819214426393,0.6666666666666666,3982.22583069653,964.5201397586264,0.0543347222222222,0.0928916666666666,0.0203833333333333,0.0928916666666666,0.0002083333333333
170000,female,graduate_school,single,31,-1,-1,-1,-1,-1,-1,1561,1239,7315,10730,1686,9445,1239,7352,10730,1686,9445,3444,-1,-1,-1.0,0,0,6,31976,33896,1.0600450337753315,0.3646373742721016,5.0,0.1571295433364399,1.466848940533151,5.0,0.7937219730941704,2.1303896385393104,2.267506578647435,1.0,4341.746775972393,4077.790561893372,0.0313490196078431,0.0631176470588235,0.0072882352941176,0.0091823529411764,0.0001823529411764
50000,male,university,single,29,0,0,0,0,0,0,13200,12930,12684,12050,11005,9952,1506,1521,1148,364,355,390,0,0,0.0,0,0,6,71821,5284,0.0735717965497556,0.0391881028938906,0.032258064516129,0.030207468879668,0.0905077262693156,0.1176334106728538,0.114090909090909,0.070647613720461,0.0414445960835713,1.0,1261.2886135483293,575.5969654772917,0.2394033333333333,0.264,0.03012,0.264,0.00058
230000,male,graduate_school,married,56,0,0,0,0,0,0,38349,39154,39921,40828,37934,38889,1933,1700,1600,1340,1548,1844,0,0,0.0,0,0,6,235075,9965,0.0423907263639264,0.0474170073799789,0.0408077186692676,0.0328206133045948,0.0400791563337591,0.0434182969811513,0.0504054864533625,0.0424913798536857,0.0061632998969875,1.0,1057.6781016295397,213.7871994920806,0.1703442028985507,0.1775130434782608,0.0084043478260869,0.1667347826086956,0.0002434782608695
250000,male,graduate_school,single,29,0,0,0,0,0,0,70887,67060,63561,59696,56875,55512,3000,3000,3000,3000,3000,3000,0,0,0.0,0,0,6,373591,18000,0.0481810321983131,0.0540423692174664,0.0527472527472527,0.0502546234253551,0.0471987539528956,0.0447360572621532,0.0423208768885691,0.0485499889156154,0.0046013648212585,1.0,6004.421617996747,0.0,0.2490606666666666,0.283548,0.012,0.283548,0.000116
350000,male,graduate_school,married,57,0,0,0,0,0,0,262719,269742,263086,269832,271763,276224,11500,18000,11000,11500,14000,12000,0,0,0.0,0,0,6,1613366,78000,0.0483461285288025,0.0434430027803521,0.0515154748806864,0.0426191111506418,0.041811422880731,0.0667304313010209,0.0437730046171004,0.0483154079350888,0.0096796373130724,1.0,5204.277035925995,2664.5825188948456,0.7682695238095237,0.7892114285714286,0.0328571428571428,0.7506257142857143,0.0001628571428571
20000,male,university,single,23,1,3,2,2,0,0,17529,16967,17176,16605,17185,18340,0,780,0,1000,1600,1000,1,3,1.3333333333333333,4,3,2,103802,4380,0.0421957187722779,0.054525627044711,0.09310445155659,0.0602228244504667,0.0,0.0459715919137148,0.0,0.0423040824942471,0.0364522876595278,0.6666666666666666,592.7149961547005,627.8534860936904,0.8650166666666667,0.917,0.0,0.87645,0.00115
210000,female,university,married,30,-1,-1,-2,-2,-2,-2,2818,0,0,0,0,0,0,0,0,0,0,0,-1,-1,-1.6666666666666667,0,0,6,2818,0,0.0,0.0,0.0,0.0,0.0,0.0,0.0,0.0,0.0,0.0,1150.443682527166,0.0,0.0022365079365079,0.0134190476190476,0.0,0.0134190476190476,0.0001428571428571
60000,female,university,single,24,0,0,0,0,0,0,58143,60221,50135,19553,11896,15241,3044,1123,7553,474,3586,305,0,0,0.0,0,0,6,215189,16085,0.0747482445664044,0.0200118102486713,0.3014458641560188,0.0242418043267017,0.1506532362620923,0.0186479799405522,0.0523536797206886,0.0945590624424542,0.1131320480108423,1.0,22623.441828481064,2743.383561711097,0.5977472222222222,1.0036833333333333,0.0507333333333333,0.96905,0.0004
20000,male,graduate_school,single,42,0,0,0,-2,-2,-1,15610,18250,0,0,0,1000,3000,0,0,0,1000,8024,0,0,-0.8333333333333334,0,0,6,34860,12024,0.3449225473321859,5.0,0.0,0.0,0.0,0.0,0.1921844971172325,0.8653640828528721,2.0270078887651843,0.5,8662.540043197492,3171.3870782356416,0.2905,0.9125,0.15,0.7805,0.0021
150000,female,university,married,31,0,0,0,0,0,0,104014,108229,109374,111279,125353,126913,5500,4005,3241,15500,4000,3568,0,0,0.0,0,0,6,685162,35814,0.0522708498136207,0.0281137472126574,0.0319098864805788,0.139289533514859,0.0296322709236198,0.0370048693048997,0.0528774972599842,0.0531379674494332,0.0431550641877142,1.0,9562.839445827096,4732.884194653404,0.7612911111111111,0.8460866666666667,0.0366666666666666,0.6934266666666666,0.0002066666666666
260000,female,graduate_school,single,31,-1,-1,-1,-1,-1,0,1629,933,2218,4068,9829,21270,933,2220,4068,9829,11680,553,-1,0,-0.8333333333333334,0,0,6,39947,29283,0.7330462863293864,0.0259990597085096,1.1883202767321193,2.4161750245821043,1.834084761045988,2.379421221864952,0.572744014732965,1.4027907264444397,0.979520271928713,1.0,7849.254115307178,4749.090049683202,0.0256070512820512,0.0818076923076923,0.0035884615384615,0.0062653846153846,0.0001192307692307
120000,female,university,married,38,2,2,2,2,2,2,63700,65069,66450,67373,68186,68959,3000,3000,2600,2500,2000,3000,2,2,2.0,6,6,0,399737,16100,0.0402764817867748,0.0435041111385025,0.0293315343325609,0.0371068528935923,0.0391271632806621,0.0461049040249581,0.0470957613814756,0.0403783878419586,0.0066631481638844,1.0,1972.3660326284944,402.0779360604939,0.5551902777777777,0.5746583333333334,0.025,0.5308333333333334,0.0003166666666666
200000,male,graduate_school,married,43,-1,-1,-1,-1,-1,-1,1144,2480,3372,1081,2384,6595,2506,3380,1085,2394,6601,29708,-1,-1,-1.0,0,0,6,17056,45674,2.6778846153846154,4.504624715693708,2.7688758389261743,2.2146160962072154,0.3217674970344009,1.3629032258064515,2.1905594405594404,2.2272244690378984,1.404226396917993,1.0,2034.2585545270952,10982.400915404003,0.0142133333333333,0.032975,0.01253,0.00572,0.000215
10000,male,graduate_school,single,30,3,2,2,7,7,7,2300,2300,2300,2300,2300,2300,0,0,0,0,0,0,3,7,4.666666666666667,6,6,0,13800,0,0.0,0.0,0.0,0.0,0.0,0.0,0.0,0.0,0.0,0.0,0.0,0.0,0.23,0.23,0.0,0.23,0.003
30000,male,high_school,single,25,0,0,-2,-2,-2,-2,1211,-50,-440,-830,-1220,-1220,0,0,0,0,0,2000,0,0,-1.3333333333333333,0,0,6,1211,2000,1.6515276630883566,0.0,0.0,0.0,0.0,0.0,0.0,0.0,0.0,0.1666666666666666,921.4576315092662,816.496580927726,0.0067277777777777,0.0403666666666666,0.0,0.0403666666666666,0.0008333333333333
220000,female,university,married,41,0,0,0,0,0,0,126532,90013,91191,86139,83743,78555,4500,4006,3000,3000,3000,6000,0,0,0.0,0,0,6,556173,23506,0.0422638279815812,0.0763796066450257,0.0358238897579499,0.0348274300839341,0.0328979833536204,0.0445046826569495,0.0355641260708753,0.0433329530947258,0.0166818912701627,1.0,17189.86182317938,1200.7800242620074,0.4213431818181818,0.5751454545454545,0.0204545454545454,0.5751454545454545,0.0001863636363636
560000,male,graduate_school,married,47,-1,-1,-1,-1,-1,-1,10501,69458,23445,105199,47519,73537,69803,23560,109726,48237,74014,19443,-1,-1,-1.0,0,0,6,329659,344783,1.0458777099973002,0.264397514176537,1.5575664471053683,0.4585309746290364,4.680145020260183,0.3391977885916669,5.0,2.049972957460465,2.214075325271561,1.0,34941.14692116827,34169.24128754788,0.0981127976190476,0.1878553571428571,0.1246482142857142,0.0187517857142857,8.392857142857143e-05
80000,female,university,married,34,0,0,0,0,0,0,71435,72886,74678,74080,75251,77040,2642,3000,3274,3000,3000,3100,0,0,0.0,0,0,6,445370,18016,0.0404517592114421,0.0402388369678089,0.039866579846115,0.0404967602591792,0.0438415597632502,0.0411601679334851,0.0369846713795758,0.0404314293582357,0.0022090995803959,1.0,1938.044856722018,206.493260584133,0.9278541666666666,0.963,0.033025,0.8929375,0.000425
120000,female,graduate_school,married,32,-1,-1,-1,-1,-1,0,497,0,1085,193,1549,1549,0,1085,193,1549,0,787,-1,0,-0.8333333333333334,0,0,6,4873,3614,0.7416375949107326,0.5080697224015494,0.0,5.0,0.1778801843317972,0.0,0.0,0.947658317788891,1.99506583746764,0.6666666666666666,678.6157724859235,641.3129241381829,0.0067680555555555,0.0129083333333333,0.0,0.0041416666666666,0.0002666666666666
300000,female,university,married,33,-1,-1,-1,-1,0,-1,1496,1496,1496,2490,1996,1494,1500,1500,2494,1006,1498,2003,-1,0,-0.8333333333333334,0,0,6,10468,10001,0.9553878486816966,1.3406961178045516,0.750501002004008,0.4040160642570281,1.6671122994652403,1.002673796791444,1.002673796791444,1.027945512852286,0.441336120138989,1.0,416.4203004977863,513.4364290412851,0.0058155555555555,0.0083,0.005,0.0049866666666666,0.00011
110000,female,graduate_school,single,31,1,-2,-2,-2,-2,-2,0,0,0,0,0,0,0,0,0,0,0,0,1,1,-1.5,1,0,5,0,0,0.0,0.0,0.0,0.0,0.0,0.0,0.0,0.0,0.0,0.0,0.0,0.0,0.0,0.0,0.0,0.0,0.0002818181818181
130000,male,graduate_school,married,42,-1,2,-1,-1,0,0,390,390,955,1170,1170,780,0,955,1170,0,0,0,-1,2,-0.1666666666666666,1,1,5,4855,2125,0.4376930998970134,0.0,0.0,0.0,1.225130890052356,2.448717948717949,0.0,0.6123081397950508,1.024464517860747,0.3333333333333333,356.0676433862907,552.8690321103784,0.0062243589743589,0.009,0.0,0.003,0.0003230769230769
30000,male,university,single,25,2,0,0,0,0,0,29608,27471,29075,26011,13900,0,1600,3000,1200,139,0,0,2,2,0.3333333333333333,1,1,5,126065,5939,0.0471106175385713,0.0,0.0,0.0053438929683595,0.0412725709372313,0.1092060718575952,0.0540394487976222,0.0349769974268014,0.0429834116067497,0.6666666666666666,11812.675791990005,1195.0481859183196,0.7003611111111111,0.9869333333333332,0.0533333333333333,0.9869333333333332,0.0008333333333333
300000,male,graduate_school,other,50,0,0,0,0,0,0,301731,230617,306116,291201,241557,193103,60000,80006,10523,8565,8700,3412,0,0,0.0,0,0,6,1564325,171206,0.1094440093970242,0.0176693267323656,0.0360163439685043,0.0294126737202138,0.034375857518065,0.3469215192288513,0.198852620380405,0.1105413902580675,0.134340387427308,1.0,45863.40624252266,32824.18456362118,0.8690694444444444,1.0203866666666668,0.2,1.00577,0.0001666666666666
20000,female,high_school,single,53,-1,-1,-2,-2,-1,-1,4400,-220,-220,-610,390,0,0,0,0,1390,0,780,-1,-1,-1.3333333333333333,0,0,6,4790,2170,0.453027139874739,0.0,0.0,0.0,0.0,0.0,0.0,0.0,0.0,0.3333333333333333,1878.8152295174389,592.5678582801016,0.0399166666666666,0.22,0.0,0.22,0.00265
50000,female,university,married,30,2,0,0,-2,-2,-2,6425,4580,0,0,0,0,1050,0,0,0,0,0,2,2,-0.6666666666666666,1,1,5,11005,1050,0.0954111767378464,0.0,0.0,0.0,0.0,0.0,0.1634241245136186,0.0272373540856031,0.0667176194532383,0.1666666666666666,2900.759239693406,428.6607049870562,0.0366833333333333,0.1285,0.021,0.1285,0.0006
500000,female,university,married,31,1,-1,-1,-1,0,0,0,5377,4131,44588,44388,5085,5377,4131,44588,0,0,3148,1,1,-0.3333333333333333,1,0,5,103569,57244,0.5527136498373065,0.6190757128810226,0.0,0.0,5.0,0.7682722707829645,0.0,1.0645579972773311,1.9582540510837925,0.6666666666666666,21177.641556603983,17307.98090669928,0.034523,0.089176,0.010754,0.0,6.2e-05
20000,male,university,single,25,2,2,2,2,0,0,8880,9889,10087,9585,10082,10965,1500,700,0,1000,1400,0,2,2,1.3333333333333333,4,4,2,59488,4600,0.0773265196342119,0.0,0.1388613370363023,0.1043296817944705,0.0,0.0707857215087471,0.1689189189189189,0.0804826098764064,0.0704935032609221,0.6666666666666666,684.2182887548876,659.2925501373928,0.4957333333333333,0.54825,0.075,0.444,0.00125
30000,female,university,married,28,0,0,0,2,0,0,11692,14505,17262,16690,17763,18960,3000,3000,0,1500,1500,1500,0,2,0.3333333333333333,1,1,5,96872,10500,0.1083904533817821,0.0791139240506329,0.0844451950684006,0.0898741761533852,0.0,0.2068252326783867,0.2565856996236743,0.11947403792908,0.0942719419312481,0.8333333333333334,2630.8048705038286,1129.1589790636217,0.5381777777777778,0.632,0.1,0.3897333333333333,0.0009333333333333
180000,female,university,married,37,0,0,0,0,0,0,78089,75159,76602,76896,78588,77770,3333,3310,2900,3040,3500,2300,0,0,0.0,0,0,6,463104,18383,0.0396951872581536,0.0295743860100295,0.044536061485214,0.0395339159384103,0.0378580193728623,0.0440399685999015,0.0426820678968868,0.0397040698838841,0.0056047119982201,1.0,1237.4110069011024,432.2362394185229,0.4288,0.4366,0.0185166666666666,0.4338277777777777,0.0002055555555555
20000,male,graduate_school,married,33,0,0,0,0,0,0,20276,20134,20298,19269,19254,19484,1326,1326,1287,662,903,500,0,0,0.0,0,0,6,118715,6004,0.0505749062881691,0.0256620817080681,0.0468993455905266,0.034355700866677,0.0634052616021282,0.0658587463991258,0.0653975143026237,0.0502631084115249,0.017404375233717,1.0,502.9641803018051,365.66961408717935,0.9892916666666666,1.0149,0.0663,1.0138,0.00165
500000,female,graduate_school,married,40,-2,-2,-2,-2,-2,-2,2121,0,0,0,0,522,0,0,0,0,522,117,-2,-2,-2.0,0,0,6,2643,639,0.2417707150964812,0.2241379310344827,0.0,0.0,0.0,0.0,0.0,0.0373563218390804,0.0915039271729348,0.3333333333333333,849.3389782648621,208.8633524580126,0.000881,0.004242,0.0,0.004242,8e-05
150000,male,university,married,39,0,0,0,2,2,2,76415,78836,87265,85084,93323,91783,4150,10575,0,9717,0,3300,0,2,1.0,3,3,3,512706,27742,0.0541089825358002,0.0359543706350849,0.0,0.1142047858586808,0.0,0.134139225734436,0.0543087090230975,0.0564345152085499,0.0568666696690379,0.6666666666666666,6795.519317903526,4606.375002826699,0.5696733333333334,0.6221533333333333,0.0276666666666666,0.5094333333333333,0.00026
20000,male,graduate_school,single,22,-2,-2,-2,-2,-2,-2,-7,-7,730,1000,300,0,0,737,1060,300,0,0,-2,-2,-2.0,0,0,6,2030,2097,1.0330049261083745,0.0,0.0,0.3,1.452054794520548,0.0,0.0,0.2920091324200913,0.5808351101284606,0.5,434.8843524432674,452.5190603720466,0.0169166666666666,0.05,0.0,0.0,0.0011
50000,female,university,married,35,0,0,0,0,0,0,16053,16024,25350,25738,25948,26163,2000,10000,1500,1000,1000,1500,0,0,0.0,0,0,6,135276,17000,0.1256690026316567,0.0573328746703359,0.0385386156929243,0.0388530577356437,0.059171597633136,0.6240639041437843,0.1245873045536659,0.1570912257382484,0.2309523566308933,1.0,5047.833317374892,3530.816713830762,0.45092,0.52326,0.04,0.32106,0.0007
60000,female,high_school,married,29,0,0,0,0,0,0,59190,56704,48980,34416,28818,28546,2200,2300,3000,1100,1000,1000,0,0,0.0,0,0,6,256654,10600,0.0413007395170151,0.0350311777481959,0.0347005343882295,0.0319618781961878,0.0612494895875867,0.0405615124153498,0.0371684406149687,0.0401121721584197,0.0107441450975965,1.0,13921.971550993294,850.0980335624042,0.7129277777777777,0.9865,0.0366666666666666,0.9865,0.0004833333333333
70000,male,university,single,45,1,2,2,2,2,0,9728,9423,12251,12358,11865,11975,0,3000,600,0,450,500,1,2,1.5,5,4,1,67600,4550,0.0673076923076923,0.0417536534446764,0.0379266750948166,0.0,0.0489755938290751,0.3183699458771092,0.0,0.0745043113742795,0.1213544206102903,0.6666666666666666,1325.6139206672003,1128.014479812501,0.1609523809523809,0.1765428571428571,0.0,0.1389714285714285,0.0006428571428571
180000,female,university,married,36,0,0,0,0,0,0,98736,96566,81166,72463,72189,70712,6025,5000,6800,5000,5000,5000,0,0,0.0,0,0,6,491832,32825,0.066740269034955,0.0707093562620205,0.0692626300405879,0.0690007314077529,0.0837789222088066,0.0517780585299173,0.0610213093501863,0.0675918346332119,0.0106748733935414,1.0,12708.909772281806,769.4830515785691,0.4554,0.5485333333333333,0.0334722222222222,0.5485333333333333,0.0002
100000,male,university,single,27,0,0,0,0,0,0,82609,81989,82466,78234,75615,76849,3106,3000,2805,2739,3085,2958,0,0,0.0,0,0,6,477762,17693,0.0370330834181035,0.0384910668974222,0.0407987833101897,0.0350103535547204,0.0340140178982853,0.0365902743050897,0.0375988088464937,0.0370838841353668,0.0024500222492887,1.0,3107.5767408062507,148.77018070388525,0.79627,0.82609,0.03106,0.82609,0.00027
20000,male,graduate_school,other,47,0,0,0,3,2,0,16888,17928,20312,19696,19648,20154,1616,3000,0,408,826,872,0,3,0.8333333333333334,2,2,4,114626,6722,0.0586428907926648,0.0432668452912573,0.0420399022801302,0.020714865962632,0.0,0.1673360107095046,0.0956892468024632,0.0615078118409979,0.0608719736595074,0.8333333333333334,1378.5351162254324,1066.7426431275103,0.9552166666666666,1.0156,0.0808,0.8444,0.00235
190000,male,university,single,39,0,0,0,0,0,0,146224,149289,152886,156273,159800,162570,5500,6000,6000,6000,6000,6000,0,0,0.0,0,0,6,927042,35500,0.0382938421344448,0.0369071784462077,0.0375469336670838,0.0383943483519226,0.0392449275931085,0.0401905029841448,0.0376135244556297,0.0383162359163495,0.0012208619190071,1.0,6238.7471178113965,204.1241452319315,0.8131947368421053,0.8556315789473684,0.0289473684210526,0.7696,0.0002052631578947
280000,female,graduate_school,married,44,0,0,0,0,0,0,230931,235635,197003,198808,187425,177340,8634,7665,6497,5555,5027,5065,0,0,0.0,0,0,6,1227142,38443,0.0313272628595549,0.0285609563550242,0.0268213952247565,0.0279415315279063,0.0329791932102556,0.0325291234324272,0.0373877911583979,0.0310366651514613,0.0039953757090669,1.0,23604.26962790136,1481.9892599700806,0.7304416666666667,0.8415535714285715,0.0308357142857142,0.8247535714285714,0.0001571428571428
150000,female,university,married,28,0,-1,-1,-1,0,0,5527,614,12515,10749,7549,5749,1000,13000,12006,7000,0,0,0,0,-0.5,0,0,6,42703,33006,0.7729199353675386,0.0,0.0,0.6512233696157782,0.95932880543348,5.0,0.1809299800977022,1.1319136925244937,1.9333787858471865,0.6666666666666666,4223.860434089491,6026.243108272351,0.0474477777777777,0.0834333333333333,0.0066666666666666,0.0368466666666666,0.0001866666666666
200000,female,university,married,34,0,0,0,-1,-1,-2,4798,4490,5366,2141,0,0,1125,1000,2141,0,0,0,0,0,-0.6666666666666666,0,0,6,16795,4266,0.2540041679071152,0.0,0.0,0.0,0.3989936638091688,0.22271714922049,0.2344726969570654,0.142697251664454,0.1682862348141134,0.5,2430.9149237821275,873.6566831427549,0.0139958333333333,0.02683,0.005625,0.02399,0.00017
80000,female,university,single,33,-2,-2,-1,-1,0,0,47867,31925,731,55541,56703,57833,1925,731,56000,2055,2070,4447,-2,0,-1.0,0,0,6,250600,67228,0.268268156424581,0.076893814949942,0.0365060049732818,0.0369996939198069,5.0,0.0228974158183241,0.0402155973844193,0.868918754507629,2.0238891816915485,1.0,22311.21595670363,21978.427556735416,0.5220833333333333,0.7229125,0.0240625,0.5983375,0.0004125
30000,male,university,single,42,-1,-1,-1,-1,-1,-1,2782,2975,2230,1390,4040,3080,2975,2230,1390,4040,3080,2190,-1,-1,-1.0,0,0,6,16497,15905,0.9641146875189428,0.711038961038961,0.7623762376237624,2.906474820143885,0.6233183856502242,0.7495798319327731,1.069374550682962,1.1370271311787612,0.8799276440364726,1.0,888.2170342883545,916.3209954304588,0.09165,0.1346666666666666,0.0991666666666666,0.0927333333333333,0.0014
230000,male,high_school,married,30,0,0,0,0,0,0,105105,51584,44005,35161,24985,25176,2068,1894,1466,1018,1136,503,0,0,0.0,0,0,6,286016,8085,0.0282676493622734,0.0199793454083253,0.0454672803682209,0.0289525326355905,0.0333143960913532,0.036716811414392,0.0196755625327053,0.0306843214084312,0.0100063227972821,1.0,30015.313376119644,582.804855847993,0.2072579710144927,0.4569782608695652,0.008991304347826,0.4569782608695652,0.0001304347826086
350000,male,high_school,married,44,-1,-1,-1,-1,-1,-2,3265,2686,1864,569,0,0,2686,1864,569,0,0,0,-1,-1,-1.1666666666666667,0,0,6,8384,5119,0.6105677480916031,0.0,0.0,0.0,0.3052575107296137,0.6939687267311988,0.8226646248085758,0.303648477044898,0.3737211368866043,0.5,1411.2289207165034,1152.8653723079146,0.0039923809523809,0.0093285714285714,0.0076742857142857,0.0093285714285714,0.0001257142857142
20000,female,graduate_school,single,54,0,0,0,4,3,2,14034,15296,20035,19435,18835,18395,1500,5000,0,0,0,3000,0,4,1.5,3,3,3,106030,9500,0.0895972837876072,0.1630877955966295,0.0,0.0,0.0,0.3268828451882845,0.1068832834544677,0.0994756540398969,0.1307682112387964,0.5,2426.8356076724,2059.530690877576,0.8835833333333334,1.00175,0.075,0.7017,0.0027
320000,female,graduate_school,single,31,-1,-1,-1,-1,-1,0,11910,4401,3345,1104,82434,82319,4445,3398,1104,82434,0,20895,-1,0,-0.8333333333333334,0,0,6,185513,112276,0.6052190412531736,0.2538296140623671,0.0,5.0,0.3300448430493273,0.772097250624858,0.373215785054576,1.1215312487985214,1.9163396987927503,0.8333333333333334,40023.89618923509,32135.666364129847,0.0966213541666666,0.25760625,0.013890625,0.03721875,9.6875e-05
150000,male,university,single,31,-2,-1,-1,-1,-1,-2,0,648,0,1448,0,0,648,0,1448,0,0,3632,-2,-1,-1.3333333333333333,0,0,6,2096,5728,2.732824427480916,0.0,0.0,0.0,0.0,0.0,0.0,0.0,0.0,0.5,597.3952348878141,1431.0626354798965,0.0023288888888888,0.0096533333333333,0.00432,0.0,0.0002066666666666
50000,female,university,married,31,0,0,0,0,0,0,22716,19198,19462,14841,11088,10301,2000,1510,4000,1000,600,500,0,0,0.0,0,0,6,97606,9610,0.0984570620658566,0.048538976798369,0.0541125541125541,0.067380904251735,0.2055287226389888,0.0786540264610897,0.0880436696601514,0.0903764756538147,0.0583046180070719,1.0,4996.740083961409,1303.6934711298766,0.3253533333333333,0.45432,0.04,0.45432,0.00062
120000,female,university,single,26,-1,2,0,0,0,2,2682,1725,2682,3272,3455,3261,0,1000,1000,1000,0,2000,-1,2,0.5,2,2,4,17077,5000,0.2927914739122796,0.613308800981294,0.0,0.3056234718826406,0.3728560775540641,0.5797101449275363,0.0,0.3119164158909225,0.2686588154571465,0.6666666666666666,637.9678414047738,752.7726527090811,0.0237180555555555,0.0287916666666666,0.0,0.02235,0.0002166666666666
200000,male,university,married,55,0,0,0,0,0,0,169287,172655,178858,180101,173138,176920,6177,8982,6758,6257,6633,6115,0,0,0.0,0,0,6,1050959,40922,0.0389377701699114,0.0345636445851232,0.0383104806570481,0.0347416172036801,0.037784163973655,0.0520228200747154,0.0364883304683761,0.038985176160433,0.0065676445645534,1.0,4148.298996777676,1089.9999388379188,0.8757991666666667,0.900505,0.030885,0.846435,0.000275
150000,male,graduate_school,single,30,2,2,2,2,2,2,17352,21338,20304,21585,20718,22813,5000,0,2000,0,3000,0,2,2,2.0,6,6,0,124110,10000,0.0805736846345983,0.0,0.1448016217781639,0.0,0.0985027580772261,0.0,0.2881512217611802,0.0885759336027617,0.1154359160220619,0.5,1844.989539265738,2065.591117977289,0.1379,0.1520866666666666,0.0333333333333333,0.11568,0.0002
60000,female,high_school,married,43,2,2,-2,-2,-2,-1,4703,0,0,0,0,992,0,0,0,0,992,14000,2,2,-0.5,2,2,4,5695,14992,2.632484635645303,5.0,0.0,0.0,0.0,0.0,0.0,0.8333333333333334,2.0412414523193148,0.3333333333333333,1881.3170298136004,5648.434355347211,0.0158194444444444,0.0783833333333333,0.0,0.0783833333333333,0.0007166666666666
50000,female,graduate_school,single,23,-1,-1,-1,0,0,-1,1413,-60,550,390,0,780,0,1000,230,0,780,0,-1,0,-0.6666666666666666,0,0,6,3133,2010,0.6415576125119694,0.0,0.0,0.0,0.4181818181818181,0.0,0.0,0.0696969696969696,0.1707220123757972,0.5,545.7620055176676,444.510967243779,0.0104433333333333,0.02826,0.0,0.02826,0.00046
70000,female,university,single,26,2,2,2,0,0,0,71862,73594,71851,68539,49027,48969,3500,0,3100,1900,2000,1865,2,2,1.0,3,3,3,383842,12365,0.0322137754596943,0.0380853192836284,0.0407938482876782,0.0277214432658778,0.0431448414079136,0.0,0.0487044613286577,0.0330749855956259,0.0176237446663349,0.8333333333333334,11715.068342381392,1221.9673345334018,0.9139095238095236,1.0513428571428571,0.05,1.0266,0.0003714285714285
220000,female,university,married,26,0,0,0,0,0,0,68090,58218,47679,37788,23293,7288,4039,3021,1400,3000,2000,100000,0,0,0.0,0,0,6,242356,113460,0.4681542854313489,5.0,0.0858627055338513,0.0793902826294061,0.029363031942784,0.0518911676800989,0.0593185489792921,0.8843042894609056,2.016372204440684,1.0,22508.119776353305,39736.30924482041,0.1836030303030303,0.3095,0.0183590909090909,0.3095,0.0001181818181818
360000,male,graduate_school,single,40,-1,3,2,-1,-1,2,499,499,499,13136,9160,2752,0,0,13169,2784,12,14293,-1,3,0.6666666666666666,3,3,3,26545,30258,1.1398756828027876,5.0,0.0013100436681222,0.2119366626065773,5.0,0.0,0.0,1.7022077843791166,2.555771931059814,0.6666666666666666,5428.463849623268,6824.545640553662,0.0122893518518518,0.0364888888888888,0.0,0.0013861111111111,0.0001111111111111
220000,male,graduate_school,single,31,-2,-2,-2,-2,-2,-2,2828,2828,2828,2828,2828,3013,2828,2828,2828,2828,3013,2828,-2,-2,-2.0,0,0,6,17153,17153,1.0,0.938599402588782,1.065417256011315,1.0,1.0,1.0,1.0,1.0006694431000165,0.0401167342193242,1.0,75.52593373581466,75.52593373581466,0.0129946969696969,0.0136954545454545,0.0128545454545454,0.0128545454545454,0.000140909090909
20000,male,high_school,single,23,1,2,0,0,0,3,14034,13524,14983,16197,18932,18271,0,2000,1780,3000,0,0,1,3,1.0,3,2,3,95941,6780,0.0706684316402789,0.0,0.0,0.1852194850898314,0.1188013081492358,0.1478852410529429,0.0,0.0753176723820017,0.0851510920164195,0.5,2228.1074854384083,1304.3772460450236,0.7995083333333333,0.9466,0.0,0.7017,0.00115
50000,female,high_school,other,27,2,0,-1,-1,-2,-2,49929,49667,780,0,0,0,1750,780,0,0,0,0,2,2,-0.6666666666666666,1,1,5,100376,2530,0.0252052283414362,0.0,0.0,0.0,0.0,0.0157045925866269,0.0350497706743575,0.0084590605434974,0.0144622710593161,0.3333333333333333,25616.794363594105,721.6762893892709,0.3345866666666666,0.99858,0.035,0.99858,0.00054
450000,female,graduate_school,single,28,-1,-1,-1,-1,-1,-1,108,-58,14276,1346,1448,4005,0,14500,1346,1448,4005,166,-1,-1,-1.0,0,0,6,21183,21465,1.0133125619600625,0.0414481897627965,2.7658839779005526,1.075780089153046,0.0942841131969739,0.0,0.0,0.6628993950022283,1.1118822580197196,0.8333333333333334,5466.07802420224,5539.584163093833,0.0078455555555555,0.0317244444444444,0.0,0.00024,6.222222222222222e-05
50000,female,university,married,39,0,0,0,0,0,0,47407,37716,30873,24659,15849,8540,2039,1400,1612,0,0,0,0,0,0.0,0,0,6,165044,5051,0.0306039601560795,0.0,0.0,0.0,0.0522139085932692,0.0371195248700816,0.0430105258717067,0.0220573265558429,0.0246369753995131,0.5,14250.128373690766,944.87722306481,0.5501466666666667,0.94814,0.04078,0.94814,0.00078
120000,female,university,married,37,0,0,0,2,0,0,12006,13024,14795,14313,14762,14902,1171,1942,0,626,478,495,0,2,0.3333333333333333,1,1,5,83802,4712,0.0562277749934369,0.033217017849953,0.0323804362552499,0.0437364633549919,0.0,0.1491093366093366,0.0975345660503081,0.0593296366866399,0.0542057049695199,0.8333333333333334,1187.1242563438757,679.3378148363792,0.1163916666666666,0.1241833333333333,0.0097583333333333,0.10005,0.0003083333333333
90000,female,graduate_school,single,24,2,2,2,2,0,0,14085,13558,12193,12986,11831,12488,0,2000,1300,700,1000,3500,2,2,1.3333333333333333,4,4,2,77141,8500,0.1101878378553557,0.2802690582959641,0.0845237089003465,0.0539042045279531,0.1066185516279832,0.1475143826523086,0.0,0.1121383176674259,0.0962067155400556,0.8333333333333334,853.9038392387439,1215.5931336868707,0.1428537037037037,0.1565,0.0,0.1565,0.0002666666666666
200000,female,university,married,36,0,0,0,0,0,0,184697,186660,77221,110294,68214,72103,8001,5000,35000,6000,5000,5000,0,0,0.0,0,0,6,699189,64001,0.0915360510534347,0.069345242222931,0.0732987363297856,0.0544000580267285,0.4532445837272245,0.026786670952534,0.0433195991272191,0.1200658150644038,0.1641163002779805,1.0,55600.7844144307,11977.71264335001,0.5826575,0.9333,0.040005,0.923485,0.00018
60000,male,high_school,single,26,0,0,0,0,0,0,56387,57648,59521,58637,38490,38492,2200,2805,1764,1356,1500,1523,0,0,0.0,0,0,6,309175,11148,0.0360572491307511,0.0395666632027434,0.0389711613406079,0.0231253304227706,0.0296365988474656,0.0486573688592839,0.0390160852678809,0.036495534656792,0.0088952943320752,1.0,10152.998993729228,550.4547211170052,0.8588194444444444,0.9920166666666668,0.0366666666666666,0.9397833333333332,0.0004333333333333
350000,female,graduate_school,single,41,-2,-2,-2,-2,-2,-2,0,3813,1298,500,2398,0,3813,1298,500,2398,0,1902,-2,-2,-2.0,0,0,6,8009,9911,1.237482831814209,0.0,0.0,4.796,0.3852080123266564,0.3404143718856543,0.0,0.9202703973687186,1.907065679608748,0.8333333333333334,1518.7821985612902,1376.2602103768993,0.0038138095238095,0.0108942857142857,0.0108942857142857,0.0,0.0001171428571428
360000,male,graduate_school,single,30,-1,-1,-1,-1,-1,-1,312,312,312,312,251,-61,313,313,313,252,1,95971,-1,-1,-1.0,0,0,6,1499,97163,5.0,0.0,0.0039840637450199,0.8076923076923077,1.0032051282051282,1.0032051282051282,1.0032051282051282,0.6368819593421187,0.4975806554977225,1.0,149.30327078355202,39082.85768680006,0.0006939814814814,0.0008666666666666,0.0008694444444444,0.0008666666666666,8.333333333333333e-05
80000,female,university,married,36,1,-2,-2,-2,-2,-2,4233,14233,15854,10000,10000,10000,14233,15854,10000,10000,10000,10000,1,1,-1.5,1,0,5,64320,70087,1.0896610696517413,1.0,1.0,1.0,0.6307556452630251,1.1138902550411016,3.362390739428301,1.351172773288738,0.9990263749510548,1.0,4057.9673236732697,2654.4180843768127,0.134,0.198175,0.1779125,0.0529125,0.00045
80000,male,university,single,32,-1,-1,-1,-1,-1,-1,2976,13384,2255,1830,2647,11083,13424,2267,1835,2655,11116,4020,-1,-1,-1.0,0,0,6,34175,35317,1.0334162399414777,0.3627176757195705,4.199471099357764,1.4508196721311477,0.8137472283813747,0.1693813508667065,4.510752688172043,1.917814952438101,1.9412201629111223,1.0,5130.425924488791,5051.800131306331,0.0711979166666666,0.1673,0.1678,0.0372,0.0004
80000,male,university,single,35,0,0,0,0,0,0,77298,71051,71239,75710,63977,43385,2515,3000,6000,3008,2000,0,0,0,0.0,0,0,6,402660,16523,0.0410346197784731,0.0,0.0312612345061506,0.0397305507858935,0.0842235292466205,0.0422231917918115,0.0325364175010996,0.0383291539719293,0.0271147799217553,0.8333333333333334,12514.206167392322,1942.766112188152,0.838875,0.966225,0.0314375,0.966225,0.0004375
30000,female,university,single,26,1,2,2,0,0,0,5231,6299,6052,6299,7190,7469,1300,0,500,1000,400,1500,1,2,0.8333333333333334,3,2,3,38540,4700,0.1219512195121951,0.2008300977373142,0.0556328233657858,0.1587553579933322,0.0826173165895571,0.0,0.2485184477155419,0.1243923405669219,0.0942096771988081,0.8333333333333334,808.9080705906368,577.6388721914988,0.2141111111111111,0.2489666666666666,0.0433333333333333,0.1743666666666666,0.0008666666666666
110000,male,other,married,36,0,0,0,0,0,0,58949,60131,61329,62402,63112,64325,3000,3000,3000,2500,3000,2500,0,0,0.0,0,0,6,370248,17000,0.045915170372291,0.0388651379712398,0.0475345417670173,0.040062818499407,0.0489164995352932,0.0498910711612978,0.0508914485402636,0.0460269195790864,0.0052168865032012,1.0,1977.0782483250373,258.1988897471612,0.5609818181818181,0.5847727272727272,0.0272727272727272,0.5359,0.0003272727272727
470000,male,university,single,31,0,0,0,0,0,0,78833,80562,82718,85334,87948,90479,3000,3500,4000,4000,4000,4200,0,0,0.0,0,0,6,505874,22700,0.044872833946793,0.0464196111804949,0.045481420839587,0.0468746337919235,0.0483570685945018,0.0434448002780467,0.0380551291971636,0.0447721106469529,0.0036706810983915,1.0,4447.9128888352425,449.0731195102493,0.1793879432624113,0.1925085106382978,0.0063829787234042,0.1677297872340425,6.595744680851063e-05
420000,male,university,single,26,1,2,2,0,0,0,390188,395881,382620,333210,324487,327615,14000,15,13175,11700,11900,12140,1,2,0.8333333333333334,3,2,3,2154001,62930,0.0292153996214486,0.0370556903682676,0.0366732719646703,0.0351129918069685,0.0344336417333124,3.789017406745966e-05,0.0358801398300306,0.0298656043128861,0.0146445272095925,1.0,33858.8050552093,5204.414152108445,0.8547623015873016,0.9425738095238096,0.0333333333333333,0.9290190476190476,6.19047619047619e-05
50000,female,university,single,35,0,-1,0,0,0,-2,2628,1000,2050,3000,0,0,1000,1050,1000,0,1000,0,0,0,-0.5,0,0,6,8678,4050,0.466697395713298,0.0,0.0,0.0,0.4878048780487805,1.05,0.380517503805175,0.3197203969756592,0.4175931935021614,0.6666666666666666,1308.2509952859457,523.2112384114088,0.0289266666666666,0.06,0.02,0.05256,0.0007
80000,female,graduate_school,married,52,0,0,0,0,0,0,34243,35240,36275,37290,38030,38838,1570,1605,1620,1360,1420,1500,0,0,0.0,0,0,6,219916,9075,0.0412657560159333,0.0386219681754982,0.0373389429397843,0.0364709037275408,0.0446588559614059,0.0455448354143019,0.0458487866133224,0.0414140488053089,0.004383969804494,1.0,1733.4171646394489,105.24970308746718,0.4581583333333333,0.485475,0.019625,0.4280375,0.00065
70000,female,graduate_school,single,23,0,0,0,0,0,0,7668,8878,10077,11203,11320,11487,1500,1500,1600,600,500,600,0,0,0.0,0,0,6,60633,6300,0.1039038147543417,0.0522329589971271,0.0441696113074204,0.0535570829242167,0.1587774139128709,0.1689569722910565,0.1956181533646322,0.112218698799554,0.0693001690024118,1.0,1551.5819991221863,531.9774431308155,0.1443642857142857,0.1641,0.0214285714285714,0.1095428571428571,0.0003285714285714
200000,female,high_school,married,54,-1,2,-1,-1,-1,-1,2841,1709,1312,2404,3786,1916,0,1312,2404,3786,1916,2299,-1,2,-0.5,1,1,5,13968,11717,0.8388459335624284,1.1998956158663885,0.5060750132065505,1.5748752079866888,1.832317073170732,0.7677004095962551,0.0,0.9801438866377692,0.6868407199846801,0.8333333333333334,892.1737498940439,1257.7332653097264,0.01164,0.01893,0.0,0.014205,0.00027
150000,female,graduate_school,married,55,-1,-1,-1,-1,0,-1,14149,18734,17822,32353,25007,16708,18734,18040,32353,25000,16708,168381,-1,0,-0.8333333333333334,0,0,6,124773,279216,2.2377918299632134,5.0,0.6681329227816212,0.7727258677711495,1.8153405902816744,0.9629550549802498,1.3240511696939714,1.7572009342514443,1.6427313551415947,1.0,6712.490469266977,59976.40138254379,0.1386366666666666,0.2156866666666666,0.1248933333333333,0.0943266666666666,0.0003666666666666
500000,male,graduate_school,married,40,0,0,-2,-2,-2,-2,18110,0,0,0,0,0,0,0,0,0,0,0,0,0,-1.3333333333333333,0,0,6,18110,0,0.0,0.0,0.0,0.0,0.0,0.0,0.0,0.0,0.0,0.0,7393.376540300559,0.0,0.0060366666666666,0.03622,0.0,0.03622,8e-05
320000,male,graduate_school,single,31,-2,-2,-2,-2,-2,-2,4445,4959,4000,3992,1590,-10,4984,4121,4012,1598,0,0,-2,-2,-2.0,0,0,6,18986,14715,0.7750447698304014,0.0,0.0,0.4003006012024048,1.003,0.8310143174027022,1.1212598425196851,0.5592624601874654,0.497475829613648,0.6666666666666666,1939.0310638735696,2208.352666582038,0.0098885416666666,0.015496875,0.015575,0.013890625,9.6875e-05
360000,male,graduate_school,married,49,1,-1,-1,-1,-1,-1,-3,630,1019,320,5817,907,633,1030,321,5846,911,6965,1,1,-0.6666666666666666,1,0,5,8693,15706,1.806741056022087,5.0,0.1566099363933299,5.0,0.3150147203140334,1.6349206349206349,0.0,2.0177575486046666,2.3819594152283226,1.0,2173.0987705731804,2965.414619689238,0.004024537037037,0.0161583333333333,0.0017583333333333,0.0,0.0001361111111111
50000,female,high_school,married,46,0,0,0,0,0,0,21453,22365,12874,13341,10556,9396,1634,1143,610,509,500,1000,0,0,0.0,0,0,6,89985,5396,0.0599655498138578,0.1064282673478075,0.0473664266767715,0.0381530619893561,0.0473823209569675,0.0511066398390342,0.0761665035193213,0.061100536721543,0.0256314896689477,1.0,5555.366873573697,448.2819053527219,0.29995,0.4473,0.03268,0.42906,0.00092
30000,female,high_school,married,31,2,3,2,2,2,0,30057,29280,30206,30496,29731,29047,0,1700,1100,3,1053,1303,2,3,1.8333333333333333,5,5,1,178817,5159,0.02885072448369,0.0448583330464419,0.0354175776125929,9.837355718782791e-05,0.0364166059723233,0.0580601092896174,0.0,0.0291418332463605,0.023951414724479,0.8333333333333334,558.1080241912551,702.9575852543784,0.9934277777777776,1.0165333333333333,0.0,1.0019,0.0010333333333333
500000,female,university,married,33,0,0,0,0,0,0,264479,275025,285034,290002,295756,302149,15000,14500,10370,11000,11000,13000,0,0,0.0,0,0,6,1712445,74870,0.0437211122109031,0.0430251299855369,0.0371928211092928,0.0379307728912214,0.0363816246482875,0.0527224797745659,0.0567152779615772,0.0439946843950803,0.0087169145254115,1.0,13816.053166516116,1976.5668889938097,0.570815,0.604298,0.03,0.528958,6.6e-05
210000,male,graduate_school,married,37,-1,-1,-1,-1,-1,-1,3094,565,1188,2667,546,578,565,1188,2667,546,578,2769,-1,-1,-1.0,0,0,6,8638,8313,0.9623755498958092,4.790657439446367,1.0586080586080586,0.2047244094488189,2.244949494949495,2.102654867256637,0.1826115061409179,1.7640342959750488,1.7283727903023045,1.0,1150.0133332560397,1060.6938766675332,0.0068555555555555,0.0147333333333333,0.0026904761904761,0.0147333333333333,0.0001761904761904
300000,female,graduate_school,married,37,-1,-1,0,-1,-1,-1,3144,5688,2297,3115,3172,1589,5734,2018,3138,3187,1597,2394,-1,0,-0.8333333333333334,0,0,6,19005,18068,0.9506971849513286,1.5066079295154184,0.5034678436317781,1.0231139646869984,1.366129734436221,0.3547819971870605,1.8237913486005088,1.0963154696763306,0.5791475551785736,1.0,1386.0506123515115,1471.5955513206293,0.0105583333333333,0.01896,0.0191133333333333,0.01048,0.0001233333333333
50000,female,graduate_school,single,23,1,2,0,0,0,0,10393,9895,10726,10863,11200,11272,0,1500,800,700,600,600,1,2,0.5,2,1,4,64349,4200,0.0652690795505757,0.0532292405961674,0.0535714285714285,0.0644389211083494,0.0745851202685064,0.1515917129863567,0.0,0.0662360705884681,0.0491432801038733,0.8333333333333334,518.2668874881615,481.6637831516918,0.2144966666666666,0.22544,0.0,0.20786,0.00046
150000,male,high_school,single,43,-1,-1,-1,-1,0,0,1683,1828,3502,8979,5190,0,1837,3526,8998,129,0,0,-1,0,-0.6666666666666666,0,0,6,21182,14490,0.6840713813615333,0.0,0.0,0.014366855997327,2.5693889206167904,1.9288840262582057,1.091503267973856,0.93402384514103,1.1206726143650545,0.6666666666666666,3200.534247069802,3515.5238585451243,0.0235355555555555,0.05986,0.0122466666666666,0.01122,0.0002866666666666
360000,female,university,other,42,0,0,0,0,0,0,429169,278515,259097,259999,265746,259299,16629,9519,9367,10001,9513,9973,0,0,0.0,0,0,6,1751825,65002,0.0371053044681974,0.0384613901326268,0.0357973403174459,0.0384655325597406,0.0361524834328456,0.0341776924043588,0.0387469738028608,0.0369669021083131,0.0018686297791019,1.0,67620.22479825593,2851.090645115771,0.8110300925925925,1.192136111111111,0.0461916666666666,1.192136111111111,0.0001166666666666
50000,female,university,single,22,0,0,-1,-1,-1,-1,8585,0,880,0,150,528,0,880,0,150,528,25775,0,0,-0.6666666666666666,0,0,6,10143,27333,2.6947648624667258,5.0,3.52,0.0,0.0,0.0,0.0,1.42,2.249088704342272,0.6666666666666666,3395.030706783077,10401.065594447522,0.03381,0.1717,0.0,0.1717,0.00044
50000,female,university,single,25,0,0,0,0,0,-2,42684,40407,31811,13898,0,0,2000,1814,1000,0,0,0,0,0,-0.3333333333333333,0,0,6,128800,4814,0.0373757763975155,0.0,0.0,0.0,0.0314356669076734,0.0448932115722523,0.0468559647643145,0.0205308072073733,0.0231084346751478,0.5,19467.08485281416,941.080584576404,0.4293333333333333,0.85368,0.04,0.85368,0.0005
80000,female,university,married,38,0,0,0,0,0,0,43170,44151,45505,43485,44830,43229,2000,2100,2000,2000,2000,2000,0,0,0.0,0,0,6,264370,12100,0.0457691871241063,0.0462652386129681,0.0446129823778719,0.0459928711049787,0.0439512141522909,0.047564041584562,0.0463284688441047,0.0457858027794627,0.0013015820251441,1.0,948.9441852220112,40.82482904638631,0.5507708333333333,0.5688125,0.025,0.539625,0.000475
